cerberusroach-11,NONE
cerberusmaggot-35,ORG:CDC
cerberusmaggot-33,ORG:CDC
cerberusmaggot-17,ORG:CDC
cerberusthrip-003-28,ORG:NIH/OCCS
cerberusthrip-005-32,ORG:NIH/NLM
cerberusroach-9,ORG:NIH/OD
cerberusroach-10,ORG:NIH/OD
cerberusodonata-001-2,NONE
cerberusodonata-001-3,NONE
cerberusodonata-001-4,NONE
cerberusodonata-001-5,NONE
cerberusodonata-001-6,NONE
cerberusodonata-001-7,NONE
cerberusodonata-001-9,NONE
cerberusodonata-001-8,NONE
cerberusroach-4,ORG:NIH/OD
cerberuslice-1,ORG:NIH/OD
cerberusredbug-39,ORG:NIH/CC
cerberusmamoth-29,ORG:OS/ONC
cerberusmantodea-11,ORG:NIH/NCATS
cerberusantlice-5,NONE
cerberusantlice-3,ORG:NIH/NCI
cerberusantlice-2,ORG:NIH/NCI
cerberusantlice-1,ORG:NIH/NCI
cerberusroach-3,ORG:NIH/OD
cerberusroach-7,ORG:NIH/OD
cerberusroach-8,ORG:NIH/OD
cerberusbluetetra-19,ORG:NIH/OD
cerberusroach-5,ORG:NIH/OD
cerberusroach-1,ORG:NIH/OD
cerberusroach-2,ORG:NIH/OD
cerberusthrip-006-7,NONE
cerberusthrip-006-6,NONE
cerberusroach-6,ORG:NIH/OD
cerberusroach-15,ORG:NIH/OD
cerberusroach-16,ORG:NIH/OD
cerberusroach-17,ORG:NIH/OD
cerberusbeetick-23,ORG:NIH/NCIFCRF
cerberusantmoth-001-1,ORG:NIH/CIT
cerberusthrip-006-12,ORG:NIH/NLM/LHC
cerberuslizard-11,ORG:NIH/NINDS
cerberuslizard-4,ORG:NIH/NINDS
cerberuslizard-7,ORG:NIH/NINDS
cerberuslizard-9,ORG:NIH/NINDS
cerberuslizard-14,ORG:NIH/NINDS
cerberuslizard-15,ORG:NIH/NINDS
cerberuslizard-16,ORG:NIH/NINDS
cerberuslizard-23,ORG:NIH/NINDS
cerberuslizard-24,ORG:NIH/NINDS
cerberusthrip-006-9,ORG:NIH/NLM/LHC
cerberusthrip-006-8,ORG:NIH/NLM/LHC
cerberushawkbug-5,NONE
cerberusflyfly-18,ORG:NIH/NEI
cerberusflyfly-19,ORG:NIH/NEI
cerberussawfly-15,ORG:NIH/NIA
cerberussawfly-4,ORG:NIH/NIA
cerberussawfly-10,ORG:NIH/NIA
cerberussawfly-13,ORG:NIH/NIA
cerberussawfly-45,ORG:NIH/NIA
cerberussawfly-46,ORG:NIH/NIA
cerberussawfly-47,ORG:NIH/NIA
cerberusthrip-006-11,ORG:NIH/NLM/LHC
cerberussnow-162,"SYS:OEM-SIMS,ORG:OS/ASPR"
cerberusmayfly-19,"ORG:HRSA,SYS:HRSA_EHB"
cerberuslizard-29,ORG:NIH/NINDS
cerberusearwig-3,ORG:AHRQ
cerberuslice-7,ORG:NIH/OD
cerberusthrip-005-17,ORG:NIH/NLM/NCBI
cerberusearwig-4,ORG:AHRQ
cerberusodonata-31,ORG:NIH/NIMH
cerberusmaggot-40,ORG:CDC
cerberusthrip-006-5,ORG:NIH/NLM/LHC
cerberusthrip-006-4,ORG:NIH/NLM/LHC
cerberusthrip-006-2,ORG:NIH/NLM/LHC
cerberusmaggot-25,ORG:CDC
cerberusmaggot-2,ORG:CDC
cerberusmidge-19,ORG:ACF
cerberusresponsibledisclosure-9,ORG:NIH/OD
cerberusloach-4,"ORG:HRSA,SYS:HRSA_EHB"
cerberustardigrade-4,ORG:NIH/NIAID
cerberusblueant-8,ORG:OS/PSC
cerberusblueant-7,ORG:OS/PSC
cerberusblueant-10,ORG:OS/PSC
cerberusresponsibledisclosure-10,ORG:CMS
cerberusantmoth-001-3,ORG:NIH/CIT
cerberussawfly-8,ORG:NIH/NIA
cerberusrain-7,"ORG:AHRQ,SYS:AHRQ_NET"
cerberussnow-233,"ORG:AHRQ,SYS:list.ahrq.gov"
cerberussnow-264,"SYS:list.ahrq.gov,ORG:AHRQ"
cerberussnow-266,"SYS:list.ahrq.gov,ORG:AHRQ"
cerberussnow-265,"SYS:list.ahrq.gov,ORG:AHRQ"
cerberusredbug-45,ORG:NIH/CC
cerberusbeeflea-4,"SYS:DMIS,ORG:OS/ASPR"
cerberusblueant-1,ORG:OS/PSC
cerberusthrip-005-26,ORG:NIH/NLM
cerberusmaggot-41,ORG:CDC
cerberusmaggot-42,ORG:CDC
cerberusmaggot-43,ORG:CDC
cerberusmaggot-45,ORG:CDC
cerberusbotfly-2,"SYS:SAMHSA_NCSACW,ORG:SAMHSA"
cerberusgrub-7,"SYS:ACF_ExtranetCLS,ORG:ACF"
cerberusbugfly-8,"SYS:OASH_HealthyPeople,ORG:OS/OASH"
cerberusblueant-9,ORG:OS/PSC
cerberusbeebug-5,"ORG:ACF,SYS:ACF_FOIAPAL"
cerberusthrip-005-18,ORG:NIH/NLM/NCBI
cerberusthrip-005-34,ORG:NIH/NLM/NCBI
cerberustardigrade-001-59,ORG:NIH/NIAID
cerberustardigrade-001-58,ORG:NIH/NIAID
cerberustardigrade-001-57,ORG:NIH/NIAID
cerberustardigrade-001-56,ORG:NIH/NIAID
cerberustardigrade-001-55,ORG:NIH/NIAID
cerberustardigrade-001-54,ORG:NIH/NIAID
cerberusmamoth-3,ORG:OS/ONC
cerberusmamoth-36,ORG:OS/ONC
cerberusmamoth-22,ORG:OS/ONC
cerberusmamoth-18,ORG:OS/ONC
cerberusmamoth-17,ORG:OS/ONC
cerberusbeebee-2,ORG:ACF
cerberusbeebee-3,ORG:ACF
cerberusbeebee-5,ORG:ACF
cerberusbeebee-6,ORG:ACF
cerberusbeebee-9,ORG:ACF
cerberusbeebee-7,ORG:ACF
cerberusbeebee-8,ORG:ACF
cerberusbeebee-1,ORG:ACF
cerberusbeebee-14,ORG:ACF
cerberusbeebee-10,ORG:ACF
cerberusresponsibledisclosure-6,ORG:CMS
cerberustardigrade-001-53,ORG:NIH/NIAID
cerberusgrub-20,"ORG:ACF,SYS:ACF_ExtranetCLS"
cerberusgrub-15,"SYS:ACF_ExtranetCLS,ORG:ACF"
cerberusgrub-11,"ORG:ACF,SYS:ACF_ExtranetCLS"
cerberusgrub-2,"ORG:ACF,SYS:ACF_ExtranetCLS"
cerberusgrub-23,"SYS:ACF_ExtranetCLS,ORG:ACF"
cerberusgrub-44,"ORG:ACF,SYS:ACF_Extranet"
cerberusmamoth-35,ORG:OS/ONC
cerberusgrub-24,"ORG:ACF,SYS:ACF_ExtranetCLS,SYS:ACF_Extranet"
cerberustardigrade-001-52,ORG:NIH/NIAID
cerberusloach-5,"SYS:HRSA_EHB,ORG:HRSA"
cerberusbatfly-40,ORG:IHS
cerberusbatfly-39,ORG:IHS
cerberusthrip-005-21,ORG:NIH/NLM/NCBI
cerberusgoby-11,ORG:NIH/NIEHS
cerberusbeefly-20,ORG:AHRQ
cerberusgoby-15,ORG:NIH/NIEHS
cerberusgnat-1,"ORG:HRSA,SYS:HRSA_BMISS"
cerberusthrip-005-30,ORG:NIH/NLM/NCBI
cerberusthrip-005-31,ORG:NIH/NLM
cerberusthrip-005-20,ORG:NIH/NLM/NCBI
cerberusthrip-005-7,ORG:NIH/NLM/NCBI
cerberusblueant-3,ORG:OS/PSC
cerberusblueant-2,ORG:OS/PSC
cerberusblueant-4,ORG:OS/PSC
cerberusblueant-11,ORG:OS/PSC
cerberusmaggot-7,ORG:CDC
cerberustardigrade-001-50,ORG:NIH/NIAID
cerberusbeefly-9,ORG:AHRQ
cerberusbeefly-24,ORG:AHRQ
cerberustardigrade-001-47,ORG:NIH/NIAID
cerberusthrip-005-29,ORG:NIH/NLM/NCBI
cerberusthrip-005-28,ORG:NIH/NLM/NCBI
cerberusthrip-005-24,ORG:NIH/NLM/NCBI
cerberusthrip-005-3,ORG:NIH/NLM/NCBI
cerberusmaggot-14,ORG:CDC
cerberusleech-1,ORG:NIH/NIAMS
cerberustardigrade-001-46,ORG:NIH/NIAID
cerberusbugbug-3,ORG:CDC
cerberusbugbug-6,ORG:CDC
cerberusthrip-005-22,ORG:NIH/NLM/NCBI
cerberusthrip-005-25,ORG:NIH/NLM/NCBI
cerberusthrip-005-23,ORG:NIH/NLM/NCBI
cerberusbluetetra-18,ORG:NIH/OD
cerberusbluetetra-26,ORG:NIH/OD
cerberusmaggot-37,ORG:CDC
cerberusbeetick-20,ORG:NIH/NCIFCRF
cerberusbagworm-3,"SYS:CDC_eFASP,ORG:CDC"
cerberusbagworm-1,"ORG:CDC,SYS:CDC_eFASP"
cerberustardigrade-001-43,ORG:NIH/NIAID
cerberusbeetick-25,ORG:NIH/NCIFCRF
cerberusthrip-005-6,ORG:NIH/NLM
cerberusthrip-005-19,ORG:NIH/NLM
cerberusmaggot-44,"ORG:CDC,SYS:VDP"
cerberusmaggot-48,ORG:CDC
cerberusbatfly-17,ORG:IHS
cerberusmaggot-47,ORG:CDC
cerberustickbug-16,ORG:NIH/NICHD
cerberusmidge-10,"ORG:ACF,SYS:ACF_HEADSTART_ECLKC"
cerberusbeetick-27,ORG:NIH/NCIFCRF
cerberusthrip-005-13,ORG:NIH/NLM/NCBI
cerberusthrip-005-15,ORG:NIH/NLM/NCBI
cerberusgoby-14,ORG:NIH/NIEHS
cerberustardigrade-001-35,ORG:NIH/NIAID
cerberustardigrade-001-34,ORG:NIH/NIAID
cerberustardigrade-001-33,ORG:NIH/NIAID
cerberuslice-10,ORG:NIH/OD
cerberusbugbug-5,ORG:CDC
cerberuslouse-1,"ORG:CDC,SYS:SRP"
cerberusdanio-45,ORG:NIH:NCIFCRF
cerberusthrip-005-9,ORG:NIH/NLM/NCBI
cerberusthrip-005-8,ORG:NIH/NLM/NCBI
cerberustardigrade-001-41,ORG:NIH/NIAID
cerberusthrip-005-11,ORG:NIH/NLM/NCBI
cerberusbluetetra-20,ORG:NIH/OD
cerberuslizard-34,ORG:NIH/NINDS
cerberuslizard-62,ORG:NIH/NINDS
cerberuslizard-60,ORG:NIH/NINDS
cerberuslizard-63,ORG:NIH/NINDS
cerberusthrip-005-12,ORG:NIH/NLM/NCBI
cerberusdanio-41,ORG:NIH:NCIFCRF
cerberusmidge-5,"ORG:ACF,SYS:ACF_HEADSTART_ECLKC"
cerberusbeetick-19,ORG:NIH/NCIFCRF
cerberusbeetick-11,ORG:NIH/NCIFCRF
cerberusbeetick-7,ORG:NIH/NCIFCRF
cerberusantmoth-2,ORG:NIH/CIT
cerberusantmoth-4,ORG:NIH/CIT
cerberusthrip-005-16,ORG:NIH/NLM/NCBI
cerberusgoby-19,ORG:NIH/NIEHS
cerberusbugbug-12,ORG:CDC
cerberuslice-12,ORG:NIH/OD
cerberustardigrade-001-32,ORG:NIH/NIAID
cerberustardigrade-001-31,ORG:NIH/NIAID
cerberustardigrade-001-42,ORG:NIH/NIAID
cerberustardigrade-001-30,ORG:NIH/NIAID
cerberustardigrade-001-29,ORG:NIH/NIAID
cerberustardigrade-001-27,ORG:NIH/NIAID
cerberustardigrade-001-25,ORG:NIH/NIAID
cerberustardigrade-001-24,ORG:NIH/NIAID
cerberustardigrade-001-21,ORG:NIH/NIAID
cerberustardigrade-001-20,ORG:NIH/NIAID
cerberustardigrade-001-18,ORG:NIH/NIAID
cerberustardigrade-001-17,ORG:NIH/NIAID
cerberustardigrade-001-15,ORG:NIH/NIAID
cerberustardigrade-001-14,ORG:NIH/NIAID
cerberusbatfly-49,ORG:IHS
cerberusbatfly-14,ORG:IHS
cerberusbatfly-19,ORG:IHS
cerberusbatfly-50,ORG:IHS
cerberusbatfly-51,ORG:IHS
cerberusbatfly-61,ORG:IHS
cerberusbatfly-36,ORG:IHS
cerberustardigrade-001-44,ORG:NIH/NIAID
cerberustardigrade-001-26,ORG:NIH/NIAID
cerberustardigrade-001-23,ORG:NIH/NIAID
cerberussawfly-29,ORG:NIH/NIA
cerberussawfly-33,ORG:NIH/NIA
cerberussawfly-39,ORG:NIH/NIA
cerberussawfly-34,ORG:NIH/NIA
cerberussawfly-35,ORG:NIH/NIA
cerberussawfly-37,ORG:NIH/NIA
cerberusmaggot-23,ORG:CDC
cerberusbeeflea-1,"ORG:OS/ASPR,SYS:DMIS"
cerberusbeeflea-2,"ORG:OS/ASPR,SYS:DMIS"
cerberusbeeflea-3,"ORG:OS/ASPR,SYS:ASPR WEB"
cerberusbeeflea-5,"ORG:OS/ASPR,SYS:DMIS"
cerberusantgnat-5,ORG:NIH/ORS
cerberusantgnat-1,ORG:NIH/ORS
cerberustardigrade-001-16,ORG:NIH/NIAID
cerberusthrip-003-16,ORG:NIH/OCCS
cerberusthrip-003-18,ORG:NIH/OCCS
cerberusthrip-005-5,ORG:NIH/NLM/NCBI
cerberusthrip-005-10,ORG:NIH/NLM/NCBI
cerberusthrip-005-2,ORG:NIH/NLM/NCBI
cerberusbeefly-13,ORG:AHRQ
cerberustardigrade-001-13,ORG:NIH/NIAID
cerberustardigrade-001-3,ORG:NIH/NIAID
cerberustardigrade-001-9,ORG:NIH/NIAID
cerberustardigrade-001-7,ORG:NIH/NIAID
cerberustardigrade-001-12,ORG:NIH/NIAID
cerberustardigrade-001-10,ORG:NIH/NIAID
cerberustardigrade-001-4,ORG:NIH/NIAID
cerberusthrip-005-4,ORG:NIH/NLM/NCBI
cerberustardigrade-001-2,ORG:NIH/NIAID
cerberustardigrade-001-1,ORG:NIH/NIAID
cerberusthrip-005-1,ORG:NIH/NLM/NCBI
cerberuslice-11,ORG:NIH/OD
cerberusantant-35,ORG:NIH/NHLBI
cerberusmamoth-32,ORG:OS/ONC
cerberusmamoth-20,ORG:OS/ONC
cerberusmamoth-14,ORG:OS/ONC
cerberusmamoth-1,ORG:OS/ONC
cerberuslice-6,ORG:NIH/OD
cerberusbatfly-52,ORG:IHS
cerberuslice-4,ORG:NIH/OD
cerberuslice-3,ORG:NIH/OD
cerberuslice-5,ORG:NIH/OD
cerberuslice-2,ORG:NIH/OD
cerberusmaggot-30,ORG:CDC
cerberusmaggot-36,ORG:CDC
cerberusmaggot-32,ORG:CDC
cerberusbeetick-21,ORG:NIH/NCIFCRF
cerberusmaggot-31,ORG:CDC
cerberusmaggot-28,ORG:CDC
cerberusbeetick-9,ORG:NIH/NCIFCRF
cerberusmaggot-27,ORG:CDC
cerberusflyant-1,ORG:HRSA
cerberusmaggot-26,ORG:CDC
cerberusantmoth-002-10,ORG:NIH/CIT
cerberusantmoth-002-12,ORG:NIH/CIT
cerberusantmoth-002-13,ORG:NIH/CIT
cerberusantmoth-002-14,ORG:NIH/CIT
cerberusantmoth-002-8,ORG:NIH/CIT
cerberusmaggot-29,ORG:CDC
cerberusbeetick-22,ORG:NIH/NCIFCRF
cerberusbugant-22,ORG:ACF
cerberusgoby-36,ORG:NIH/NIEHS
cerberusmaggot-22,ORG:CDC
cerberusmaggot-21,ORG:CDC
cerberusmaggot-20,ORG:CDC
cerberusthrip-004-2,ORG:NIH/OCCS
cerberusantant-33,ORG:NIH/NHLBI
cerberusantant-32,ORG:NIH/NHLBI
cerberusodonata-29,ORG:NIH/NIMH
cerberusantant-31,ORG:NIH/NHLBI
cerberusbeetick-18,ORG:NIH/NCIFCRF
cerberusbeetick-17,ORG:NIH/NCIFCRF
cerberusbeetick-10,ORG:NIH/NCIFCRF
cerberusbluetetra-24,ORG:NIH/OD
cerberusbluetetra-23,ORG:NIH/OD
cerberusbluetetra-25,ORG:NIH/OD
cerberusbeetick-8,ORG:NIH/NCIFCRF
cerberusbugbug-13,ORG:CDC
cerberusbluetetra-6,ORG:NIH/OD
cerberusbluetetra-5,ORG:NIH/OD
cerberusmaggot-9,ORG:CDC
cerberusdanio-31,ORG:NIH:NCIFCRF
cerberusdanio-37,ORG:NIH:NCIFCRF
cerberusbatfly-26,ORG:IHS
cerberusbatfly-32,ORG:IHS
cerberusbugant-25,ORG:ACF
cerberusbugant-18,ORG:ACF
cerberusmaggot-15,ORG:CDC
cerberusbeetick-2,ORG:NIH/NCIFCRF
cerberusbeetick-3,ORG:NIH/NCIFCRF
cerberusmaggot-13,ORG:CDC
cerberusmaggot-12,ORG:CDC
cerberusbugant-21,ORG:ACF
cerberusdanio-9,ORG:NIH:NCIFCRF
cerberusmaggot-11,ORG:CDC
cerberusbugant-20,ORG:ACF
cerberusmaggot-10,ORG:CDC
cerberusbugant-19,ORG:ACF
cerberusbagworm-2,"ORG:CDC,SYS:CDC_eFASP"
cerberusmaggot-4,ORG:CDC
cerberusbugant-17,ORG:ACF
cerberusbugant-16,ORG:ACF
cerberusbugant-15,ORG:ACF
cerberusbugbug-10,ORG:CDC
cerberusbugant-12,ORG:ACF
cerberusmaggot-8,ORG:CDC
cerberusmaggot-6,ORG:CDC
cerberusmaggot-5,ORG:CDC
cerberusmaggot-3,ORG:CDC
cerberusbeetick-15,ORG:NIH/NCIFCRF
cerberusbeetick-13,ORG:NIH/NCIFCRF
cerberusbeetick-12,ORG:NIH/NCIFCRF
cerberusmaggot-1,ORG:CDC
cerberusbeetick-6,ORG:NIH/NCIFCRF
cerberusbeetick-4,ORG:NIH/NCIFCRF
cerberusbeetick-1,ORG:NIH/NCIFCRF
cerberusbugant-13,ORG:ACF
cerberusbugant-7,ORG:ACF
cerberusantant-30,ORG:NIH/NHLBI
cerberusgoby-38,ORG:NIH/NIEHS
cerberusmamoth-19,ORG:OS/ONC
cerberusmamoth-4,ORG:OS/ONC
cerberusmamoth-9,ORG:OS/ONC
cerberusgoby-20,ORG:NIH/NIEHS
cerberusgoby-10,ORG:NIH/NIEHS
cerberusgoby-12,ORG:NIH/NIEHS
cerberusgoby-17,ORG:NIH/NIEHS
cerberusgoby-37,ORG:NIH/NIEHS
cerberusthrip-002-4,ORG:NIH/NLM
cerberusthrip-003-5,ORG:NIH/OCCS
cerberusthrip-003-17,ORG:NIH/OCCS
cerberusthrip-003-1,ORG:NIH/OCCS
cerberusthrip-004-1,ORG:NIH/OCCS
cerberusthrip-004-3,ORG:NIH/OCCS
cerberusantmoth-9,ORG:NIH/CIT
cerberusgreenworm-3,"ORG:HRSA,SYS:HRSA_NPDB"
cerberusgreenworm-6,"ORG:HRSA,SYS:HRSA_NPDB"
cerberusantant-29,ORG:NIH/NHLBI
cerberusbugant-14,ORG:ACF
cerberusbugant-11,ORG:ACF
cerberusbugant-10,ORG:ACF
cerberusbugant-9,ORG:ACF
cerberusbugant-5,ORG:ACF
cerberusbugant-8,ORG:ACF
cerberusbugbug-11,ORG:CDC
cerberusantant-28,ORG:NIH/NHLBI
cerberussawfly-38,ORG:NIH/NIA
cerberussawfly-30,ORG:NIH/NIA
cerberussawfly-28,ORG:NIH/NIA
cerberussawfly-32,ORG:NIH/NIA
cerberussawfly-42,ORG:NIH/NIA
cerberussawfly-40,ORG:NIH/NIA
cerberussawfly-43,ORG:NIH/NIA
cerberusbugant-6,ORG:ACF
cerberusantant-27,ORG:NIH/NHLBI
cerberusantant-18,ORG:NIH/NHLBI
cerberusbugbug-9,ORG:CDC
cerberusantmoth-002-9,ORG:NIH/CIT
cerberusantmoth-002-11,ORG:NIH/CIT
cerberusantmoth-002-17,ORG:NIH/CIT
cerberusantmoth-002-3,ORG:NIH/CIT
cerberusantmoth-002-4,ORG:NIH/CIT
cerberusantmoth-002-5,ORG:NIH/CIT
cerberusantmoth-002-2,ORG:NIH/CIT
cerberusbugant-4,ORG:ACF
cerberusbugant-3,ORG:ACF
cerberusantant-26,ORG:NIH/NHLBI
cerberusantant-23,ORG:NIH/NHLBI
cerberusantant-22,ORG:NIH/NHLBI
cerberusantmoth-3,ORG:NIH/CIT
cerberusantmoth-6,ORG:NIH/CIT
cerberusantant-4,ORG:NIH/NHLBI
cerberusbatfly-38,ORG:IHS
cerberusantant-25,ORG:NIH/NHLBI
cerberusantant-13,ORG:NIH/NHLBI
cerberusantant-24,ORG:NIH/NHLBI
cerberusbugant-2,ORG:ACF
cerberusbugant-1,ORG:ACF
cerberusbugbug-7,ORG:CDC
cerberusantant-14,ORG:NIH/NHLBI
cerberusflyfly-10,ORG:NIH/NEI
cerberusflyfly-12,ORG:NIH/NEI
cerberusflyfly-16,ORG:NIH/NEI
cerberusredant-15,ORG:NIH/ERA
cerberusflyfly-5,ORG:NIH/NEI
cerberusflyfly-1,ORG:NIH/NEI
cerberusflyfly-17,ORG:NIH/NEI
cerberusflyfly-15,ORG:NIH/NEI
cerberusflyfly-11,ORG:NIH/NEI
cerberusflyfly-9,ORG:NIH/NEI
cerberusgoby-13,ORG:NIH/NIEHS
cerberusantant-16,ORG:NIH/NHLBI
cerberustickbug-2,"ORG:NIH/NICHD,NICHD Apps Team"
cerberustickbug-10,ORG:NIH/NICHD
cerberusantant-21,ORG:NIH/NHLBI
cerberusantant-20,ORG:NIH/NHLBI
cerberusantmoth-002-7,ORG:NIH/CIT
cerberusantmoth-002-27,ORG:NIH/CIT
cerberusantant-8,ORG:NIH/NHLBI
cerberusantant-15,ORG:NIH/NHLBI
cerberusantmoth-002-25,ORG:NIH/CIT
cerberusantmoth-002-18,ORG:NIH/CIT
cerberusantmoth-002-24,ORG:NIH/CIT
cerberusantmoth-002-28,ORG:NIH/CIT
cerberusantmoth-002-15,ORG:NIH/CIT
cerberusantmoth-002-16,ORG:NIH/CIT
cerberusantant-12,ORG:NIH/NHLBI
cerberusantant-11,ORG:NIH/NHLBI
cerberusantant-9,ORG:NIH/NHLBI
cerberustickbug-1,ORG:NIH/NICHD
cerberusredwasp-13,ORG:NIH/NIEHS
cerberusodonata-17,ORG:NIH/NIMH
cerberusantant-10,ORG:NIH/NHLBI
cerberusbatfly-6,ORG:IHS
cerberusbatfly-4,ORG:IHS
cerberusbatfly-9,ORG:IHS
cerberusbatfly-29,ORG:IHS
cerberusbatfly-20,ORG:IHS
cerberusbatfly-22,ORG:IHS
cerberusbatfly-34,ORG:IHS
cerberusbatfly-45,ORG:IHS
cerberusbatfly-60,ORG:IHS
cerberusbatfly-43,ORG:IHS
cerberusbatfly-67,ORG:IHS
cerberusantant-7,ORG:NIH/NHLBI
cerberusantant-6,ORG:NIH/NHLBI
cerberusbatfly-66,ORG:IHS
cerberusantant-5,ORG:NIH/NHLBI
cerberusantant-3,ORG:NIH/NHLBI
cerberusantant-2,ORG:NIH/NHLBI
cerberusantant-1,ORG:NIH/NHLBI
cerberustaris-1,"SYS:AHRQ_PSO,ORG:AHRQ"
cerberustaris-2,"SYS:AHRQ_PSO,ORG:AHRQ"
cerberustaris-4,"ORG:AHRQ,SYS:AHRQ_PSO"
cerberustaris-3,"SYS:AHRQ_PSO,ORG:AHRQ"
cerberusbluetetra-21,ORG:NIH/OD
cerberusbluetetra-13,ORG:NIH/OD
cerberusdanio-15,ORG:NIH:NCIFCRF
cerberuslizard-001-3,ORG:NIH/NINDS
cerberuslizard-57,ORG:NIH/NINDS
cerberuslizard-19,ORG:NIH/NINDS
cerberussawfly-6,ORG:NIH/NIA
cerberuslizard-001-2,ORG:NIH/NINDS
cerberusodonata-4,ORG:NIH/NIMH
cerberusodonata-5,ORG:NIH/NIMH
cerberustetra-12,"nguyenan,ORG:NIH/NHGRI"
cerberusbluetetra-7,ORG:NIH/OD
cerberusbluetetra-15,ORG:NIH/OD
cerberusbluetetra-22,ORG:NIH/OD
cerberusredwasp-4,ORG:NIH/NIEHS
cerberusredwasp-3,ORG:NIH/NIEHS
cerberusredwasp-12,ORG:NIH/NIEHS
cerberusredwasp-20,ORG:NIH/NIEHS
cerberusodonata-7,ORG:NIH/NIMH
cerberusodonata-12,ORG:NIH/NIMH
cerberusodonata-15,ORG:NIH/NIMH
cerberusodonata-16,ORG:NIH/NIMH
cerberusrain-2,"ORG:AHRQ,SYS:AHRQ_NET"
cerberusrain-4,"ORG:AHRQ,SYS:AHRQ_NET"
cerberusredbug-64,ORG:NIH/CC
cerberusgreenworm-8,"ORG:HRSA,SYS:HRSA_NPDB"
cerberusgreenworm-9,"ORG:HRSA,SYS:HRSA_NPDB"
cerberusbugbug-4,ORG:CDC
cerberusantgrub-11,ORG:CDC
cerberusmantodea-26,ORG:NIH/NCATS
cerberusmantodea-16,ORG:NIH/NCATS
cerberusmantodea-13,ORG:NIH/NCATS
cerberusbluetetra-9,ORG:NIH/OD
cerberusmantodea-12,ORG:NIH/NCATS
cerberusmantodea-21,ORG:NIH/NCATS
cerberusodonata-14,ORG:NIH/NIMH
cerberusgreenworm-1,"SYS:HRSA_NPDB,ORG:HRSA"
cerberusmantodea-23,ORG:NIH/NCATS
cerberustickbug-4,ORG:NIH/NICHD
cerberustickbug-5,ORG:NIH/NICHD
cerberusthrip-003-29,ORG:NIH/OCCS
cerberustickbug-18,ORG:NIH/NICHD
cerberussawfly-21,ORG:NIH/NIA
cerberussawfly-18,ORG:NIH/NIA
cerberussawfly-14,ORG:NIH/NIA
cerberussawfly-20,ORG:NIH/NIA
cerberusthrip-003-12,ORG:NIH/OCCS
cerberusthrip-003-13,ORG:NIH/OCCS
cerberusthrip-003-20,ORG:NIH/OCCS
cerberusthrip-003-11,ORG:NIH/OCCS
cerberusthrip-003-27,ORG:NIH/OCCS
cerberustetra-2,"ORG:NIH/NHGRI,SYS:NIH/CIT_SITEMINDER"
cerberusthrip-003-26,ORG:NIH/OCCS
cerberusthrip-003-22,ORG:NIH/OCCS
cerberustetra-1,"ORG:NIH/NHGRI,SYS:NIH/CIT_SITEMINDER"
cerberusbeebug-2,"SYS:ACF_FOIAPAL,ORG:ACF"
cerberusbeebug-1,"SYS:ACF_FOIAPAL,ORG:ACF"
cerberusbeebug-4,"SYS:ACF_FOIAPAL,ORG:ACF"
cerberusbeebug-3,"ORG:ACF,SYS:ACF_FOIAPAL"
cerberusbeebug-11,"ORG:ACF,SYS:ACF_FOIAPAL"
cerberusbeebug-6,"ORG:ACF,SYS:ACF_FOIAPAL"
cerberusbeebug-9,"SYS:ACF_FOIAPAL,ORG:ACF"
cerberusbeebug-10,"ORG:ACF,SYS:ACF_FOIAPAL"
cerberusbeebug-12,"ORG:ACF,SYS:ACF_FOIAPAL"
cerberusbeebug-14,"ORG:ACF,SYS:ACF_FOIAPAL"
cerberustickbug-7,ORG:NIH/NICHD
cerberusmidge-9,"ORG:ACF,SYS:ACF_HEADSTART_ECLKC"
cerberusmidge-23,ORG:ACF
cerberuslizard-001-1,ORG:NIH/NINDS
cerberusgoby-6,ORG:NIH/NIEHS
cerberusthrip-003-3,ORG:NIH/OCCS
cerberustetra-17,"ORG:NIH/NHGRI,nguyenan"
cerberusantmoth-001-2,ORG:NIH/CIT
cerberussawfly-41,ORG:NIH/NIA
cerberustickbug-17,ORG:NIH/NICHD
cerberusdanio-65,ORG:NIH/NCIFCRF
cerberusantmoth-002-26,ORG:NIH/CIT
cerberusthrip-003-7,ORG:NIH/OCCS
cerberusthrip-003-10,ORG:NIH/OCCS
cerberustickbug-14,ORG:NIH/NICHD
cerberustickbug-12,ORG:NIH/NICHD
cerberustickbug-9,ORG:NIH/NICHD
cerberussawfly-27,ORG:NIH/NIA
cerberusredwasp-11,ORG:NIH/NIEHS
cerberusredwasp-22,ORG:NIH/NIEHS
cerberusredwasp-23,ORG:NIH/NIEHS
cerberustickbug-6,ORG:NIH/NICHD
cerberusantmoth-002-1,ORG:NIH/CIT
cerberusflyfly-4,ORG:NIH/NEI
cerberusflyfly-20,ORG:NIH/NEI
cerberusflyfly-21,ORG:NIH/NEI
cerberusflyfly-13,ORG:NIH/NEI
cerberusodonata-30,ORG:NIH/NIMH
cerberusdanio-26,ORG:NIH:NCIFCRF
cerberusdanio-29,ORG:NIH:NCIFCRF
cerberusdanio-8,ORG:NIH:NCIFCRF
cerberusdanio-12,ORG:NIH:NCIFCRF
cerberusdanio-11,ORG:NIH:NCIFCRF
cerberusdanio-44,ORG:NIH:NCIFCRF
cerberustetra-10,"ORG:NIH/NHGRI,nguyenan"
cerberustetra-11,"nguyenan,ORG:NIH/NHGRI"
cerberusantbee-1,ORG:NIH/NIGMS
cerberusantbee-3,ORG:NIH/NIGMS
cerberusantgrub-9,ORG:CDC
cerberusmantodea-18,ORG:NIH/NCATS
cerberusredwasp-15,ORG:NIH/NIEHS
cerberusredwasp-2,ORG:NIH/NIEHS
cerberusredwasp-10,ORG:NIH/NIEHS
cerberusredwasp-6,ORG:NIH/NIEHS
cerberusredwasp-5,ORG:NIH/NIEHS
cerberusredwasp-8,ORG:NIH/NIEHS
cerberusredwasp-16,ORG:NIH/NIEHS
cerberusgoby-4,ORG:NIH/NIEHS
cerberusgoby-8,ORG:NIH/NIEHS
cerberusodonata-26,ORG:NIH/NIMH
cerberusodonata-28,ORG:NIH/NIMH
cerberusgoby-2,ORG:NIH/NIEHS
cerberusgoby-7,ORG:NIH/NIEHS
cerberusredbug-58,ORG:NIH/CC
cerberusredbug-42,ORG:NIH/CC
cerberusredant-5,ORG:NIH/ERA
cerberusantmoth-002-21,ORG:NIH/CIT
cerberusmantodea-27,ORG:NIH/NCATS
cerberusthrip-003-2,ORG:NIH/OCCS
cerberusthrip-003-6,ORG:NIH/OCCS
cerberusthrip-003-9,ORG:NIH/OCCS
cerberusmantodea-25,ORG:NIH/NCATS
cerberusmantodea-24,ORG:NIH/NCATS
cerberusantbee-7,ORG:NIH/NIGMS
cerberusantbee-8,ORG:NIH/NIGMS
cerberusbluetetra-8,ORG:NIH/OD
cerberusredbug-19,ORG:NIH/CC
cerberusredbug-62,ORG:NIH/CC
cerberusredbug-31,ORG:NIH/CC
cerberusredbug-59,ORG:NIH/CC
cerberusmamoth-27,ORG:OS/ONC
cerberusredant-12,ORG:NIH/ERA
cerberusgreenworm-7,"ORG:HRSA,SYS:HRSA_NPDB"
cerberusgreenworm-5,"SYS:HRSA_NPDB,ORG:HRSA"
cerberusgreenworm-4,"SYS:HRSA_NPDB,ORG:HRSA"
cerberusgreenworm-2,"ORG:HRSA,SYS:HRSA_NPDB"
cerberusredant-11,ORG:NIH/ERA
cerberuslizard-54,ORG:NIH/NINDS
cerberuslizard-20,ORG:NIH/NINDS
cerberuslizard-22,ORG:NIH/NINDS
cerberuslizard-56,ORG:NIH/NINDS
cerberuslizard-8,ORG:NIH/NINDS
cerberuslizard-47,ORG:NIH/NINDS
cerberuslizard-48,ORG:NIH/NINDS
cerberuslizard-46,ORG:NIH/NINDS
cerberuslizard-44,ORG:NIH/NINDS
cerberuslizard-52,ORG:NIH/NINDS
cerberuslizard-35,ORG:NIH/NINDS
cerberuslizard-31,ORG:NIH/NINDS
cerberuslizard-27,ORG:NIH/NINDS
cerberuslizard-41,ORG:NIH/NINDS
cerberusmantodea-17,ORG:NIH/NCATS
cerberusredant-4,ORG:NIH/ERA
cerberusredant-10,ORG:NIH/ERA
cerberusredant-9,ORG:NIH/ERA
cerberusredant-8,ORG:NIH/ERA
cerberusredant-7,ORG:NIH/ERA
cerberusantmite-3,ORG:NIH/NIDA
cerberusodonata-6,ORG:NIH/NIMH
cerberusantmoth-8,ORG:NIH/CIT
cerberusflybee-16,ORG:NIH/NIDDK
cerberusslug-3,ORG:ACF
cerberusantmite-2,ORG:NIH/NIDA
cerberusredant-2,ORG:NIH/ERA
cerberusredant-1,ORG:NIH/ERA
cerberusantmite-1,ORG:NIH/NIDA
cerberusmidge-1,"SYS:ACF_HEADSTART_ECLKC,ORG:ACF"
cerberusmidge-24,"SYS:ACF_HEADSTART_ECLKC,ORG:ACF"
cerberusgoby-32,ORG:NIH/NIEHS
cerberusgoby-33,ORG:NIH/NIEHS
cerberusflyfly-6,ORG:NIH/NEI
cerberusflyfly-14,ORG:NIH/NEI
cerberusmantodea-6,ORG:NIH/NCATS
cerberusmantodea-5,ORG:NIH/NCATS
cerberuswaterbug-27,ORG:NIH/NCI
cerberusmantodea-4,ORG:NIH/NCATS
cerberusantgrub-13,ORG:CDC
cerberusmantodea-22,ORG:NIH/NCATS
cerberussawfly-31,ORG:NIH/NIA
cerberusbeefly-1,ORG:AHRQ
cerberusgoby-5,ORG:NIH/NIEHS
cerberusmamoth-8,ORG:OS/ONC
cerberusmamoth-6,ORG:OS/ONC
cerberusantfly-9,"ORG:AHRQ,SYS:AHRQ_QSRS"
cerberusantfly-5,"SYS:AHRQ_QSRS,ORG:AHRQ"
cerberusantfly-4,"ORG:AHRQ,SYS:AHRQ_QSRS"
cerberusmantodea-15,ORG:NIH/NCATS
cerberuslizard-38,ORG:NIH/NINDS
cerberuslizard-43,ORG:NIH/NINDS
cerberuslizard-55,ORG:NIH/NINDS
cerberuslizard-53,ORG:NIH/NINDS
cerberusmantodea-14,ORG:NIH/NCATS
cerberusmantodea-20,ORG:NIH/NCATS
cerberusmantodea-1,ORG:NIH/NCATS
cerberusflybug-2,ORG:NIH/NIAAA
cerberusslug-1,ORG:ACF
cerberusmantodea-7,ORG:NIH/NCATS
cerberusantmoth-7,ORG:NIH/CIT
cerberusmantodea-9,ORG:NIH/NCATS
cerberustetra-4,"ORG:NIH/NHGRI,lichtenbergj"
cerberustetra-6,"lichtenbergj,ORG:NIH/NHGRI"
cerberusgoby-25,ORG:NIH/NIEHS
cerberusantgrub-2,ORG:CDC
cerberusmantodea-3,ORG:NIH/NCATS
cerberusmantodea-2,ORG:NIH/NCATS
cerberusthrip-002-2,ORG:NIH/NLM
cerberusthrip-002-3,ORG:NIH/NLM
cerberusantgrub-5,ORG:CDC
cerberusbluetetra-3,ORG:NIH/OD
cerberusbug-1,"ORG:AHRQ,SYS:AHRQ_OCDASHBOARD"
cerberusflybee-13,ORG:NIH/NIDDK
cerberusflybee-2,ORG:NIH/NIDDK
cerberushoth-10,ORG:NIH/OD
cerberusgoby-29,ORG:NIH/NIEHS
cerberusgoby-31,ORG:NIH/NIEHS
cerberusgoby-39,ORG:NIH/NIEHS
cerberusantgrub-7,ORG:CDC
cerberusmamoth-30,ORG:OS/ONC
cerberusslug-2,ORG:ACF
cerberusantgrub-6,ORG:CDC
cerberusgoby-16,ORG:NIH/NIEHS
cerberusodonata-27,ORG:NIH/NIMH
cerberusodonata-22,ORG:NIH/NIMH
cerberusodonata-23,ORG:NIH/NIMH
cerberusodonata-24,ORG:NIH/NIMH
cerberusantmoth-1,ORG:NIH/CIT
cerberusodonata-1,ORG:NIH/NIMH
cerberussawfly-7,ORG:NIH/NIA
cerberussawfly-5,ORG:NIH/NIA
cerberussawfly-2,ORG:NIH/NIA
cerberuswaterbug-20,ORG:NIH/NCI
cerberuswaterbug-11,ORG:NIH/NCI
cerberuswaterbug-19,ORG:NIH/NCI
cerberusantgnat-10,ORG:NIH/ORS
cerberusmidge-4,"ORG:ACF,SYS:ACF_HEADSTART_ECLKC"
cerberusmidge-6,"ORG:ACF,SYS:ACF_HEADSTART_ECLKC"
cerberusmidge-7,"ORG:ACF,SYS:ACF_HEADSTART_ECLKC"
cerberusmidge-8,"SYS:ACF_HEADSTART_ECLKC,ORG:ACF"
cerberusmidge-12,"SYS:ACF_HEADSTART_ECLKC,ORG:ACF"
cerberusmidge-13,"SYS:ACF_HEADSTART_ECLKC,ORG:ACF"
cerberusmidge-11,"ORG:ACF,SYS:ACF_HEADSTART_ECLKC"
cerberusodonata-19,ORG:NIH/NIMH
cerberusmidge-16,"ORG:ACF,SYS:ACF_HEADSTART_ECLKC"
cerberusmidge-22,ORG:ACF
cerberusmidge-15,ORG:ACF
cerberusmidge-18,ORG:ACF
cerberusodonata-20,ORG:NIH/NIMH
cerberusodonata-21,ORG:NIH/NIMH
cerberusantgrub-10,ORG:CDC
cerberusmamoth-25,ORG:OS/ONC
cerberusantgrub-3,ORG:CDC
cerberusantgrub-4,ORG:CDC
cerberusmamoth-10,ORG:OS/ONC
cerberusmamoth-11,ORG:OS/ONC
cerberusmamoth-33,ORG:OS/ONC
cerberusmamoth-16,ORG:OS/ONC
cerberusmamoth-21,ORG:OS/ONC
cerberusmamoth-13,ORG:OS/ONC
cerberusmamoth-23,ORG:OS/ONC
cerberusthrip-17,ORG:NIH/NLM
cerberuslizard-49,ORG:NIH/NINDS
cerberuslizard-42,ORG:NIH/NINDS
cerberuslizard-39,ORG:NIH/NINDS
cerberustardigrade-6,ORG:NIH/NIAID
cerberuscricket2-2,"ORG:OS/OASH,SYS:OASH_COPS"
cerberustetra-5,"ORG:NIH/NHGRI,cathy"
cerberusredbug-69,ORG:NIH/CC
cerberusmamoth-2,ORG:OS/ONC
cerberusmamoth-24,ORG:OS/ONC
cerberusmamoth-31,ORG:OS/ONC
cerberusmamoth-26,ORG:OS/ONC
cerberuslizard-5,ORG:NIH/NINDS
cerberuslizard-25,ORG:NIH/NINDS
cerberuslizard-61,ORG:NIH/NINDS
cerberuslizard-6,ORG:NIH/NINDS
cerberuslizard-26,ORG:NIH/NINDS
cerberuslizard-50,ORG:NIH/NINDS
cerberusredbug-16,ORG:NIH/CC
cerberusredbug-25,ORG:NIH/CC
cerberusredbug-10,ORG:NIH/CC
cerberusredbug-18,ORG:NIH/CC
cerberusredbug-17,ORG:NIH/CC
cerberusbugfly-1,"ORG:OS/OASH,SYS:OASH_HealthyPeople"
cerberusbugfly-2,"ORG:OS/OASH,SYS:OASH_HEALTH.GOV"
cerberusbugfly-5,"ORG:OS/OASH,SYS:OASH_HealthyPeople"
cerberusbugfly-7,"SYS:OASH_HealthyPeople,ORG:OS/OASH"
cerberusbugfly-3,"SYS:OASH_HealthyPeople,ORG:OS/OASH"
cerberusbugfly-4,"ORG:OS/OASH,SYS:OASH_HealthyPeople"
cerberusbugfly-6,"ORG:OS/OASH,SYS:OASH_HealthyPeople"
cerberusbatbug-22,ORG:NIH/CSR
cerberusgoby-22,ORG:NIH/NIEHS
cerberusflybee-17,ORG:NIH/NIDDK
cerberusflybee-9,ORG:NIH/NIDDK
cerberusflybee-18,ORG:NIH/NIDDK
cerberusflybee-7,ORG:NIH/NIDDK
cerberusflybee-8,ORG:NIH/NIDDK
cerberusgoby-23,ORG:NIH/NIEHS
cerberusgoby-28,ORG:NIH/NIEHS
cerberusgoby-34,ORG:NIH/NIEHS
cerberusgoby-35,ORG:NIH/NIEHS
cerberuswaterbug-13,ORG:NIH/NCI
cerberuswaterbug-6,ORG:NIH/NCI
cerberuswaterbug-8,ORG:NIH/NCI
cerberuswaterbug-7,ORG:NIH/NCI
cerberuswaterbug-10,ORG:NIH/NCI
cerberuswaterbug-15,ORG:NIH/NCI
cerberuswaterbug-18,ORG:NIH/NCI
cerberuswaterbug-17,ORG:NIH/NCI
cerberuswaterbug-4,ORG:NIH/NCI
cerberuswaterbug-22,ORG:NIH/NCI
cerberuswaterbug-21,ORG:NIH/NCI
cerberuswaterbug-5,ORG:NIH/NCI
cerberuswaterbug-16,ORG:NIH/NCI
cerberusweevil-2,"SYS:SAMHSA_WWW,ORG:SAMHSA"
cerberusredbug-53,ORG:NIH/CC
cerberusredbug-6,ORG:NIH/CC
cerberusredbug-1,ORG:NIH/CC
cerberusredbug-24,ORG:NIH/CC
cerberusredbug-13,ORG:NIH/CC
cerberusmosquito-6,"ORG:OS/ASFR,SYS:DCIS.HHS"
cerberusodonata-8,ORG:NIH/NIMH
cerberussnail-3,ORG:NIH/NIDCR
cerberussnail-4,ORG:NIH/NIDCR
cerberussnail-7,ORG:NIH/NIDCR
cerberussnail-8,ORG:NIH/NIDCR
cerberussnail-6,ORG:NIH/NIDCR
cerberusredbug-14,ORG:NIH/CC
cerberustetra-29,"nguyenan,ORG:NIH/NHGRI"
cerberusantmoth-5,ORG:NIH/CIT
cerberusodonata-11,"SYS:NIH/CIT_SITEMINDER,ORG:NIH/CIT"
cerberusodonata-9,"ORG:NIH/CIT,SYS:NIH/CIT_SITEMINDER"
cerberusodonata-10,"ORG:NIH/CIT,SYS:NIH/CIT_SITEMINDER"
cerberuscaddis-3,ORG:NIH/NIBIB
cerberusdanio-21,ORG:NIH:NCIFCRF
cerberusdanio-36,ORG:NIH:NCIFCRF
cerberusdanio-42,ORG:NIH:NCIFCRF
cerberusdanio-24,ORG:NIH:NCIFCRF
cerberusdanio-38,ORG:NIH:NCIFCRF
cerberusdanio-39,ORG:NIH:NCIFCRF
cerberusdanio-40,ORG:NIH:NCIFCRF
cerberusdanio-32,ORG:NIH:NCIFCRF
cerberusmamoth-15,ORG:OS/ONC
cerberusgoby-26,ORG:NIH/NIEHS
cerberusredbug-70,ORG:NIH/CC
cerberusredbug-65,ORG:NIH/CC
cerberusredbug-38,ORG:NIH/CC
cerberusredbug-47,ORG:NIH/CC
cerberusredbug-28,ORG:NIH/CC
cerberusredbug-37,ORG:NIH/CC
cerberusredbug-30,ORG:NIH/CC
cerberusredbug-34,ORG:NIH/CC
cerberusredbug-44,ORG:NIH/CC
cerberusredbug-51,ORG:NIH/CC
cerberusredbug-29,ORG:NIH/CC
cerberusredbug-36,ORG:NIH/CC
cerberusredbug-32,ORG:NIH/CC
cerberusredbug-66,ORG:NIH/CC
cerberusredbug-33,ORG:NIH/CC
cerberusredbug-52,ORG:NIH/CC
cerberussawfly-23,ORG:NIH/NIA
cerberussawfly-1,ORG:NIH/NIA
cerberussawfly-26,ORG:NIH/NIA
cerberusredbug-48,ORG:NIH/CC
cerberusredbug-35,ORG:NIH/CC
cerberusgoby-27,ORG:NIH/NIEHS
cerberusmamoth-7,ORG:OS/ONC
cerberusantgnat-7,ORG:NIH/ORS
cerberustetra-7,"fredriksenm,ORG:NIH/NHGRI"
cerberusgoby-24,ORG:NIH/NIEHS
cerberusredbug-50,ORG:NIH/CC
cerberustetra-33,"ORG:NIH/NHGRI,davidk"
cerberusredbug-49,ORG:NIH/CC
cerberusredbug-43,ORG:NIH/CC
cerberusantgnat-28,ORG:NIH/ORS
cerberusantgnat-26,ORG:NIH/ORS
cerberusantgnat-25,ORG:NIH/ORS
cerberusresponsibledisclosure-8,ORG:NIH
cerberusantgnat-24,ORG:NIH/ORS
cerberusredbug-54,ORG:NIH/CC
cerberusredbug-46,ORG:NIH/CC
cerberusredbug-60,ORG:NIH/CC
cerberusredbug-56,ORG:NIH/CC
cerberusantgnat-23,ORG:NIH/ORS
cerberustardigrade-8,ORG:NIH/NIAID
cerberustardigrade-7,ORG:NIH/NIAID
cerberusantgnat-27,ORG:NIH/ORS
cerberusantbug-2,ORG:ACF
cerberusantbug-1,ORG:ACF
cerberusantgnat-22,ORG:NIH/ORS
cerberuslizard-59,ORG:NIH/NINDS
cerberustetra-9,"ORG:NIH/NHGRI,nguyenan"
cerberuswormfly-4,"ORG:CDC,SYS:VAMS"
cerberuswaterbug-1,ORG:NIH/NCI
cerberustetra-28,"ORG:NIH/NHGRI,nguyenan"
cerberustetra-21,ORG:NIH/NHGRI
cerberusdanio-34,ORG:NIH:NCIFCRF
cerberusdanio-54,ORG:NIH:NCIFCRF
cerberusdanio-55,ORG:NIH:NCIFCRF
cerberusdanio-50,ORG:NIH:NCIFCRF
cerberusdanio-51,ORG:NIH:NCIFCRF
cerberusdanio-52,ORG:NIH:NCIFCRF
cerberusdanio-66,ORG:NIH/NCIFCRF
cerberustetra-8,"ORG:NIH/NHGRI,nguyenan"
cerberustetra-13,"nguyenan,ORG:NIH/NHGRI"
cerberustetra-23,"ORG:NIH/NHGRI,nguyenan"
cerberustetra-19,"nguyenan,ORG:NIH/NHGRI"
cerberusgoby-30,ORG:NIH/NIEHS
cerberuswaterbug-2,ORG:NIH/NCI
cerberustetra-34,"ORG:NIH/NHGRI,davidk"
cerberustetra-30,"nguyenan,ORG:NIH/NHGRI"
cerberustetra-31,"ORG:NIH/NHGRI,nguyenan"
cerberustetra-32,"nguyenan,ORG:NIH/NHGRI"
cerberusantgnat-18,ORG:NIH/ORS
cerberusantgnat-12,ORG:NIH/ORS
cerberusantgnat-17,ORG:NIH/ORS
cerberusantgnat-15,ORG:NIH/ORS
cerberusantgnat-14,ORG:NIH/ORS
cerberusantgnat-13,ORG:NIH/ORS
cerberusantgnat-11,ORG:NIH/ORS
cerberusantgnat-9,ORG:NIH/ORS
cerberustardigrade-2,ORG:NIH/NIAID
cerberustardigrade-3,ORG:NIH/NIAID
cerberustardigrade-1,ORG:NIH/NIAID
cerberusthrip-002-1,ORG:NIH/NLM
cerberustetra-20,"ORG:NIH/NHGRI,lichtenbergj"
cerberustetra-24,"nguyenan,ORG:NIH/NHGRI"
cerberustetra-26,"nguyenan,ORG:NIH/NHGRI"
cerberustetra-27,"nguyenan,ORG:NIH/NHGRI"
cerberustetra-22,"SYS:NIH/CIT_SITEMINDER,ORG:NIH/NHGRI"
cerberustetra-18,"ORG:NIH/NHGRI,davidk"
cerberustetra-15,"ORG:NIH/NHGRI,nguyenan"
cerberustetra-14,"nguyenan,ORG:NIH/NHGRI"
cerberustetra-25,"ORG:NIH/NHGRI,davidk,nguyenan"
cerberustetra-16,"ORG:NIH/NHGRI,nguyenan"
cerberussnail-16,ORG:NIH/NIDCR
cerberussnail-14,ORG:NIH/NIDCR
cerberussnail-5,ORG:NIH/NIDCR
cerberussnail-12,ORG:NIH/NIDCR
cerberussnail-13,ORG:NIH/NIDCR
cerberussnail-11,ORG:NIH/NIDCR
cerberusantgnat-16,ORG:NIH/ORS
cerberushawkbug-6,ORG:NIH/NIMHD
cerberusthrip-15,ORG:NIH/NLM
cerberusgoby-3,ORG:NIH/NIEHS
cerberusantgnat-4,ORG:NIH/ORS
cerberusantgnat-3,ORG:NIH/ORS
cerberusantgnat-2,ORG:NIH/ORS
cerberushawkbug-4,ORG:NIH/NIMHD
cerberusodonata-13,ORG:NIH/NIMH
cerberushawkbug-2,ORG:NIH/NIMHD
cerberusweevil-1,"ORG:SAMHSA,SYS:SAMHSA_WWW"
cerberushawkbug-1,ORG:NIH/NIMHD
cerberusdanio-48,ORG:NIH:NCIFCRF
cerberusflybee-1,ORG:NIH/NIDDK
cerberusarachnid-5,"ORG:OS/OASH,SYS:OASH_ORIRCR"
cerberusgoby-1,ORG:NIH/NIEHS
cerberusarachnid-1,"SYS:OASH_ORIRCR,ORG:OS/OASH"
cerberusarachnid-2,"ORG:OS/OASH,SYS:OASH_ORIRCR"
cerberusarachnid-3,"ORG:OS/OASH,SYS:OASH_ORIRCR"
cerberusdanio-47,ORG:NIH:NCIFCRF
cerberuswormbeetle-2,ORG:CDC
cerberussnow-93,"SYS:OCIO_TDRS,ORG:ACF"
cerberussnow-263,"ORG:OS/ASPR,SYS:OEM-SIMS"
cerberusodonata-2,ORG:NIH/NIMH
cerberusdanio-33,ORG:NIH:NCIFCRF
cerberusdanio-30,ORG:NIH:NCIFCRF
cerberusbatfly-62,"ORG:IHS,SYS:IHS_PHR"
cerberussawfly-24,ORG:NIH/NIA
cerberussawfly-16,ORG:NIH/NIA
cerberussawfly-11,ORG:NIH/NIA
cerberusdanio-57,ORG:NIH:NCIFCRF
cerberusresponsibledisclosure-7,ORG:CMS
cerberushoth-25,ORG:NIH/OD
cerberushoth-18,ORG:NIH/OD
cerberusdanio-1,ORG:NIH:NCIFCRF
cerberusdanio-2,ORG:NIH:NCIFCRF
cerberusdanio-13,ORG:NIH:NCIFCRF
cerberusdanio-3,ORG:NIH:NCIFCRF
cerberusdanio-17,ORG:NIH:NCIFCRF
cerberusdanio-18,ORG:NIH:NCIFCRF
cerberusdanio-19,ORG:NIH:NCIFCRF
cerberusdanio-25,ORG:NIH:NCIFCRF
cerberusdanio-7,ORG:NIH:NCIFCRF
cerberusdanio-6,ORG:NIH:NCIFCRF
cerberusdanio-5,ORG:NIH:NCIFCRF
cerberusdanio-4,ORG:NIH:NCIFCRF
cerberusdanio-23,ORG:NIH:NCIFCRF
cerberusdanio-22,ORG:NIH:NCIFCRF
cerberusdanio-20,ORG:NIH:NCIFCRF
cerberusdanio-56,ORG:NIH:NCIFCRF
cerberusdanio-58,ORG:NIH:NCIFCRF
cerberusdanio-59,ORG:NIH:NCIFCRF
cerberusbeefly-36,ORG:AHRQ
cerberusadder-5,ORG:CDC
cerberusloach-3,"ORG:HRSA,SYS:HRSA_EHB"
cerberuslizard-28,ORG:NIH/NINDS
cerberuslizard-32,ORG:NIH/NINDS
cerberuslizard-36,ORG:NIH/NINDS
cerberuslizard-58,ORG:NIH/NINDS
cerberuslizard-30,ORG:NIH/NINDS
cerberuslizard-37,ORG:NIH/NINDS
cerberuslizard-40,ORG:NIH/NINDS
cerberuslizard-45,ORG:NIH/NINDS
cerberushorsefly-14,"SYS:CDC_BAS,ORG:CDC"
cerberusloach-1,ORG:HRSA
cerberusloach-2,"ORG:HRSA,SYS:HRSA_EHB"
cerberushorsefly-11,"SYS:CDC_BAS,ORG:CDC"
cerberushorsefly-13,"ORG:CDC,SYS:CDC_BAS"
cerberushorsefly-15,"ORG:CDC,SYS:CDC_BAS"
cerberusflybee-3,ORG:NIH/NIDDK
cerberushorsefly-18,"SYS:CDC_BAS,ORG:CDC"
cerberushorsefly-5,"SYS:CDC_BAS,ORG:CDC"
cerberushorsefly-10,"SYS:CDC_BAS,ORG:CDC"
cerberushorsefly-3,"ORG:CDC,SYS:CDC_BAS"
cerberusadder-3,ORG:CDC
cerberusadder-10,ORG:CDC
cerberusadder-11,"SYS:CDC_BAS,ORG:CDC"
cerberusrhino-1,"ORG:OS/ASPR,SYS:ASPR_InCEP"
cerberusakita-23,"ORG:OS/OASH,SYS:OASH_THINKCULTURALHEALTH"
cerberusakita-13,"ORG:OS/OASH,SYS:OASH_THINKCULTURALHEALTH"
cerberusakita-18,"SYS:OASH_THINKCULTURALHEALTH,ORG:OS/OASH"
cerberusflybee-15,ORG:NIH/NIDDK
cerberusflybee-5,ORG:NIH/NIDDK
cerberusflybee-6,ORG:NIH/NIDDK
cerberusflybee-14,ORG:NIH/NIDDK
cerberusflybee-12,ORG:NIH/NIDDK
cerberusossus-1,ORG:NIH/NCI
cerberuswaspworm-2,"ORG:HRSA,SYS:HRSA_340B"
cerberuswaspworm-1,"SYS:HRSA_340B,ORG:HRSA"
cerberusmothra-3,ORG:HRSA
cerberusredbug-12,ORG:NIH/CC
cerberusakita-20,"ORG:OS/OASH,SYS:OASH_THINKCULTURALHEALTH"
cerberusakita-6,"ORG:OS/OASH,SYS:OASH_THINKCULTURALHEALTH"
cerberusmothra-1,ORG:HRSA
cerberusantbee-5,"SYS:NIH/CIT_SITEMINDER,ORG:NIH/CIT"
cerberusantbee-6,"ORG:NIH/CIT,SYS:NIH/CIT_SITEMINDER"
cerberusflybug-1,ORG:NIH/NIAAA
cerberusslug-4,ORG:ACF
cerberusakita-14,"ORG:OS/OASH,SYS:OASH_THINKCULTURALHEALTH"
cerberusakita-3,"ORG:OS/OASH,SYS:OASH_THINKCULTURALHEALTH"
cerberusakita-5,"SYS:OASH_THINKCULTURALHEALTH,ORG:OS/OASH"
cerberusakita-2,"ORG:OS/OASH,SYS:OASH_THINKCULTURALHEALTH"
cerberuswormbug-2,"ORG:AHRQ,SYS:AHRQ_SRDR"
cerberuswormbug-14,"SYS:SRDR+,SYS:AHRQ_SRDR,ORG:AHRQ"
cerberuspuli-5,ORG:NIH/NCCIH
cerberuspuli-4,ORG:NIH/NCCIH
cerberusakita-19,"ORG:OS/OASH,SYS:OASH_THINKCULTURALHEALTH"
cerberusbatbug-10,ORG:NIH/CSR
cerberusbatbug-11,ORG:NIH/CSR
cerberusbatbug-12,ORG:NIH/CSR
cerberusbatbug-14,ORG:NIH/CSR
cerberushoth-5,ORG:NIH/OD
cerberusbatbug-13,ORG:NIH/CSR
cerberusbatbug-9,ORG:NIH/CSR
cerberusbatbug-8,ORG:NIH/CSR
cerberusbatbug-15,ORG:NIH/CSR
cerberuscaddis-2,ORG:NIH/NIBIB
cerberusthrip-001-52,ORG:NIH/NLM
cerberusthrip-001-18,ORG:NIH/NLM
cerberusredbug-7,ORG:NIH/CC
cerberusredbug-20,"SYS:NIH/CIT_SITEMINDER,ORG:NIH/CIT"
cerberusthrip-001-9,ORG:NIH/NLM
cerberusredbug-4,ORG:NIH/CC
cerberusthrip-001-33,ORG:NIH/NLM
cerberusthrip-001-19,ORG:NIH/NLM
cerberusredbug-23,ORG:NIH/CC
cerberusthrip-8,ORG:NIH/NLM
cerberusbatfly-7,"ORG:IHS,SYS:IHS_HSP"
cerberusbatfly-11,"SYS:IHS_HSP,ORG:IHS"
cerberusbatfly-57,"SYS:IHS_HSP,ORG:IHS"
cerberusbatfly-54,"ORG:IHS,SYS:IHS_HSP"
cerberusbatfly-16,ORG:IHS
cerberusantfly-6,"SYS:AHRQ_QSRS,ORG:AHRQ"
cerberusthrip-001-38,ORG:NIH/NLM
cerberusthrip-001-48,ORG:NIH/NLM
cerberusthrip-001-55,ORG:NIH/NLM
cerberusbugbee-2,ORG:ACL
cerberusthrip-001-50,ORG:NIH/NLM
cerberusbeefly-33,ORG:AHRQ
cerberusthrip-001-61,ORG:NIH/NLM
cerberusthrip-001-49,ORG:NIH/NLM
cerberusthrip-001-43,ORG:NIH/NLM
cerberusbatbug-20,ORG:NIH/CSR
cerberusbatbug-7,ORG:NIH/CSR
cerberusbatbug-6,ORG:NIH/CSR
cerberusbatbug-5,ORG:NIH/CSR
cerberusbatbug-2,ORG:NIH/CSR
cerberusbatbug-1,ORG:NIH/CSR
cerberusshiba-3,ORG:OS/ASPR/BARDA
cerberusshiba-6,ORG:OS/ASPR/BARDA
cerberusshiba-7,ORG:OS/ASPR/BARDA
cerberusshiba-4,ORG:OS/ASPR/BARDA
cerberusshiba-10,ORG:OS/ASPR/BARDA
cerberusshiba-9,ORG:OS/ASPR/BARDA
cerberusshiba-8,ORG:OS/ASPR/BARDA
cerberusthrip-001-21,ORG:NIH/NLM
cerberusthrip-001-14,ORG:NIH/NLM
cerberusthrip-001-27,ORG:NIH/NLM
cerberusthrip-001-3,ORG:NIH/NLM
cerberusthrip-001-28,ORG:NIH/NLM
cerberusthrip-001-46,ORG:NIH/NLM
cerberusthrip-001-58,ORG:NIH/NLM
cerberusthrip-001-60,ORG:NIH/NLM
cerberusthrip-001-57,ORG:NIH/NLM
cerberusthrip-001-22,ORG:NIH/NLM
cerberusthrip-001-12,ORG:NIH/NLM
cerberusthrip-1,ORG:NIH/NLM
cerberusthrip-11,ORG:NIH/NLM
cerberusakita-25,"ORG:OS/OASH,SYS:OASH_THINKCULTURALHEALTH"
cerberusbatfly-1,ORG:IHS
cerberusbeefly-16,ORG:AHRQ
cerberusbeefly-8,ORG:AHRQ
cerberusbeefly-29,ORG:AHRQ
cerberusbeefly-10,ORG:AHRQ
cerberusbeefly-12,ORG:AHRQ
cerberusbeefly-26,ORG:AHRQ
cerberusbeefly-14,ORG:AHRQ
cerberusbeefly-27,ORG:AHRQ
cerberusbeefly-28,ORG:AHRQ
cerberusbeefly-19,ORG:AHRQ
cerberusbeefly-25,ORG:AHRQ
cerberusbatfly-10,"ORG:IHS,SYS:IHS_PHR"
cerberusbatfly-35,ORG:IHS
cerberusbatfly-27,ORG:IHS
cerberusantfly-2,"ORG:AHRQ,SYS:AHRQ_QSRS"
cerberusantfly-7,"SYS:AHRQ_QSRS,ORG:AHRQ"
cerberusbatfly-18,"ORG:IHS,SYS:IHS_PHR"
cerberusbatfly-21,ORG:IHS
cerberusbatfly-33,ORG:IHS
cerberusbatfly-31,ORG:IHS
cerberusbatfly-23,ORG:IHS
cerberusbatfly-12,ORG:IHS
cerberuswormbug-5,"ORG:AHRQ,SYS:AHRQ_SRDR"
cerberuswormbug-20,"SYS:AHRQ_SRDR,ORG:AHRQ"
cerberuswormbug-23,"SYS:SRDR+,SYS:AHRQ_SRDR,ORG:AHRQ"
cerberuswormbug-29,"ORG:AHRQ,SYS:AHRQ_SRDR,SYS:SRDR+"
cerberuswormbug-12,"SYS:AHRQ_SRDR,SYS:SRDR+,ORG:AHRQ"
cerberuswormbug-26,"SYS:AHRQ_SRDR,ORG:AHRQ,SYS:SRDR+"
cerberuswormbug-25,"ORG:AHRQ,SYS:AHRQ_SRDR,SYS:SRDR+"
cerberuswormbug-28,"ORG:AHRQ,SYS:SRDR+,SYS:AHRQ_SRDR"
cerberuswormbug-27,"SYS:SRDR+,SYS:AHRQ_SRDR,ORG:AHRQ"
cerberuswormbug-30,"SYS:AHRQ_SRDR,ORG:AHRQ,SYS:SRDR+"
cerberuswormbug-24,"ORG:AHRQ,SYS:SRDR+,SYS:AHRQ_SRDR"
cerberuswormbug-32,"SYS:SRDR+,ORG:AHRQ,SYS:AHRQ_SRDR"
cerberusakita-8,"ORG:OS/OASH,SYS:OASH_THINKCULTURALHEALTH"
cerberusakita-11,"SYS:OASH_THINKCULTURALHEALTH,ORG:OS/OASH"
cerberusakita-15,"ORG:OS/OASH,SYS:OASH_THINKCULTURALHEALTH"
cerberusakita-16,"SYS:OASH_THINKCULTURALHEALTH,ORG:OS/OASH"
cerberuswormbug-31,"SYS:AHRQ_SRDR,ORG:AHRQ"
cerberuswormbug-6,"SYS:AHRQ_SRDR,ORG:AHRQ"
cerberuswormbug-8,"ORG:AHRQ,SYS:AHRQ_SRDR"
cerberushoth-16,ORG:NIH/OD
cerberuswormbug-3,"ORG:AHRQ,SYS:AHRQ_SRDR"
cerberuswormbug-13,"ORG:AHRQ,SYS:AHRQ_SRDR"
cerberusbluet-18,ORG:NIH/NHLBI
cerberusbatfly-24,ORG:IHS
cerberuswormbug-19,"ORG:AHRQ,SYS:AHRQ_SRDR"
cerberusthrip-5,ORG:NIH/NLM
cerberuswaspworm-8,"ORG:HRSA,SYS:HRSA_340B"
cerberuswaspworm-6,"ORG:HRSA,SYS:HRSA_340B"
cerberuswaspworm-9,"ORG:HRSA,SYS:HRSA_340B"
cerberuswormbug-18,"ORG:AHRQ,SYS:AHRQ_SRDR"
cerberuswormbug-21,"ORG:AHRQ,SYS:AHRQ_SRDR"
cerberuswormbug-34,"ORG:AHRQ,SYS:AHRQ_SRDR"
cerberuswormbug-16,"SYS:AHRQ_SRDR,ORG:AHRQ"
cerberusthrip-001-32,ORG:NIH/NLM
cerberusbatfly-25,"SYS:IHS_HSP,ORG:IHS"
cerberusbatfly-55,"SYS:IHS_HSP,ORG:IHS"
cerberusbatfly-56,"ORG:IHS,SYS:IHS_HSP"
cerberuscaddis-1,ORG:NIH/NIBIB
cerberushoth-26,ORG:NIH/OD
cerberusakita-9,"SYS:OASH_THINKCULTURALHEALTH,ORG:OS/OASH"
cerberusthrip-001-66,ORG:NIH/NLM
cerberusthrip-001-47,ORG:NIH/NLM
cerberusthrip-001-35,ORG:NIH/NLM
cerberusthrip-001-7,ORG:NIH/NLM
cerberusthrip-001-6,ORG:NIH/NLM
cerberusthrip-001-10,ORG:NIH/NLM
cerberusthrip-001-11,ORG:NIH/NLM
cerberusthrip-001-15,ORG:NIH/NLM
cerberusthrip-001-16,ORG:NIH/NLM
cerberusthrip-001-56,ORG:NIH/NLM
cerberusthrip-001-44,ORG:NIH/NLM
cerberusthrip-001-40,ORG:NIH/NLM
cerberusthrip-001-37,ORG:NIH/NLM
cerberusthrip-001-51,ORG:NIH/NLM
cerberusthrip-001-65,ORG:NIH/NLM
cerberusthrip-001-23,ORG:NIH/NLM
cerberusthrip-001-24,ORG:NIH/NLM
cerberusthrip-001-25,ORG:NIH/NLM
cerberusthrip-001-26,ORG:NIH/NLM
cerberusthrip-001-30,ORG:NIH/NLM
cerberusthrip-001-31,ORG:NIH/NLM
cerberusthrip-001-29,ORG:NIH/NLM
cerberusthrip-001-34,ORG:NIH/NLM
cerberusthrip-001-39,ORG:NIH/NLM
cerberusthrip-7,ORG:NIH/NLM
cerberusthrip-13,ORG:NIH/NLM
cerberusthrip-14,ORG:NIH/NLM
cerberusantfly-10,"SYS:AHRQ_QSRS,ORG:AHRQ"
cerberusantfly-11,"ORG:AHRQ,SYS:AHRQ_QSRS"
cerberushoth-7,ORG:NIH/OD
cerberusthrip-9,ORG:NIH/NLM
cerberusthrip-12,ORG:NIH/NLM
cerberusthrip-16,ORG:NIH/NLM
cerberusbluet-6,ORG:NIH/NHLBI
cerberusakita-4,"ORG:OS/OASH,SYS:OASH_THINKCULTURALHEALTH"
cerberusakita-7,"ORG:OS/OASH,SYS:OASH_THINKCULTURALHEALTH"
cerberusgecko-1,ORG:NIH/NHLBI
cerberusbluet-8,ORG:NIH/NHLBI
cerberusbluet-5,ORG:NIH/NHLBI
cerberusbluet-10,ORG:NIH/NHLBI
cerberusbluet-9,ORG:NIH/NHLBI
cerberusbluet-14,ORG:NIH/NHLBI
cerberusbluet-3,ORG:NIH/NHLBI
cerberusbluet-7,ORG:NIH/NHLBI
cerberusbluet-22,ORG:NIH/NHLBI
cerberusbluet-17,ORG:NIH/NHLBI
cerberusbluet-19,ORG:NIH/NHLBI
cerberushoth-2,ORG:NIH/OD
cerberushoth-13,ORG:NIH/OD
cerberushoth-11,ORG:NIH/OD
cerberushoth-14,ORG:NIH/OD
cerberushoth-12,ORG:NIH/OD
cerberushoth-15,ORG:NIH/OD
cerberusthrip-001-36,ORG:NIH/NLM
cerberushoth-19,ORG:NIH/OD
cerberuswaspworm-4,"ORG:HRSA,SYS:HRSA_340B"
cerberuswaspworm-5,"ORG:HRSA,SYS:HRSA_340B"
cerberushoth-6,ORG:NIH/OD
cerberushoth-8,ORG:NIH/OD
cerberushoth-3,ORG:NIH/OD
cerberushoth-22,ORG:NIH/OD
cerberusakita-22,"SYS:OASH_THINKCULTURALHEALTH,ORG:OS/OASH"
cerberusthrip-10,ORG:NIH/NLM
cerberusthrip-001-53,ORG:NIH/NLM
cerberusthrip-001-5,ORG:NIH/NLM
cerberusthrip-001-13,ORG:NIH/NLM
cerberusthrip-001-42,ORG:NIH/NLM
cerberusthrip-001-2,ORG:NIH/NLM
cerberusthrip-001-4,ORG:NIH/NLM
cerberusthrip-001-8,ORG:NIH/NLM
cerberusthrip-001-17,ORG:NIH/NLM
cerberusbluet-12,ORG:NIH/NHLBI
cerberusbluet-11,ORG:NIH/NHLBI
cerberusgecko-2,ORG:NIH/NHLBI
cerberusbluet-20,ORG:NIH/NHLBI
cerberusbluet-21,ORG:NIH/NHLBI
cerberusakita-12,"ORG:OS/OASH,SYS:OASH_THINKCULTURALHEALTH"
cerberussnail-15,ORG:NIH/NIDCR
cerberusgecko-3,ORG:NIH/NHLBI
cerberusbluet-13,ORG:NIH/NHLBI
cerberusadder-9,ORG:CDC
cerberuswormbee-3,ORG:OS/ASPA
cerberusborer-2,ORG:ACL
cerberusaphid-2,"ORG:NIH/CC,SYS:NIH/CC_HOSTS"
cerberusstonefly-4,"ORG:OS/ASPE,SYS:ASPE_WEB"
cerberusthrip-2,ORG:NIH/NLM
cerberusthrip-3,ORG:NIH/NLM
cerberuswaspworm-7,"ORG:HRSA,SYS:HRSA_340B"
cerberushorsefly-12,"SYS:CDC_BAS,ORG:CDC"
cerberusworm-4,"ORG:AHRQ,SYS:AHRQ_PSNET"
cerberusbeetle-11,"SYS:CDC_SHAREPOINT-DMZ,ORG:CDC"
cerberussnow-218,"SYS:STAGING.ACF,ORG:ACF"
cerberuswaspspider-33,ORG:OS/OCIO
cerberuswaspspider-34,"ORG:OS/DCIO,SYS:DCIO_EMailSystem"
cerberusweevil-3,"SYS:SAMHSA_WWW,ORG:SAMHSA"
cerberushorsefly-8,"SYS:CDC_BAS,ORG:CDC"
cerberusgrub-31,"ORG:ACF,SYS:ACF_ExtranetCLS"
cerberusgrub-27,"ORG:ACF,SYS:ACF_ExtranetCLS"
cerberusgrub-36,"SYS:ACF_ExtranetCLS,ORG:ACF"
cerberusgrub-26,"SYS:ACF_ExtranetCLS,ORG:ACF"
cerberusgrub-37,"ORG:ACF,SYS:ACF_ExtranetCLS"
cerberusgrub-38,"SYS:ACF_Extranet,ORG:ACF"
cerberusgrub-39,"SYS:ACF_Extranet,ORG:ACF"
cerberusgrub-40,"SYS:ACF_Extranet,ORG:ACF"
cerberusgrub-41,"SYS:ACF_Extranet,ORG:ACF"
cerberusgrub-42,"SYS:ACF_Extranet,ORG:ACF"
cerberusgrub-43,"SYS:ACF_Extranet,ORG:ACF"
cerberusgrub-45,"SYS:ACF_Extranet,ORG:ACF"
cerberusgrub-46,"SYS:ACF_ExtranetCLS,ORG:ACF"
cerberusgrub-47,"ORG:ACF,SYS:ACF_Extranet"
cerberussnow-183,"SYS:ACF_Extranet,ORG:ACF"
cerberussnow-200,"ORG:ACF,SYS:ACF_Extranet"
cerberuswaspspider-31,ORG:ACF
cerberuswaspspider-32,"SYS:ACF_Extranet,ORG:ACF"
cerberusgrub-22,"SYS:ACF_ExtranetCLS,ORG:ACF,SYS:ACF_Extranet"
cerberusgrub-25,"SYS:ACF_ExtranetCLS,SYS:ACF_Extranet,ORG:ACF"
cerberusgrub-29,"SYS:ACF_Extranet,ORG:ACF"
cerberusgrub-30,"ORG:ACF,SYS:ACF_ExtranetCLS"
cerberusgrub-32,"SYS:ACF_ExtranetCLS,ORG:ACF"
cerberusgrub-28,"SYS:ACF_Extranet,SYS:ACF_ExtranetCLS,ORG:ACF"
cerberusgrub-33,"ORG:ACF,SYS:ACF_ExtranetCLS"
cerberusgrub-9,"SYS:ACF_ExtranetCLS,ORG:ACF"
cerberusgrub-34,"SYS:ACF_ExtranetCLS,ORG:ACF"
cerberusgrub-35,"ORG:ACF,SYS:ACF_ExtranetCLS"
cerberussnow-270,"SYS:OEM-SIMS,ORG:OS/ASPR"
cerberusworm-3,"ORG:AHRQ,SYS:AHRQ_PSNET"
cerberusworm-1,"SYS:AHRQ_PSNET,ORG:AHRQ"
cerberusworm-2,"SYS:AHRQ_PSNET,ORG:AHRQ"
cerberusgrub-16,"SYS:NYTD.ACF.hhs.gov,ORG:ACF"
cerberusgrub-17,"SYS:NYTD.ACF.hhs.gov,ORG:ACF"
cerberusgrub-18,"ORG:ACF,SYS:NYTD.ACF.hhs.gov"
cerberusgrub-19,"ORG:ACF,SYS:ACF_ExtranetCLS"
cerberusgrub-21,"ORG:ACF,SYS:ACF_ExtranetCLS"
cerberusgrub-14,"ORG:ACF,SYS:ACF_ExtranetCLS"
cerberusgrub-13,"SYS:ACF_ExtranetCLS,ORG:ACF"
cerberusgrub-12,"ORG:ACF,SYS:ACF_ExtranetCLS"
cerberusgrub-10,"ORG:ACF,SYS:ACF_ExtranetCLS"
cerberusgrub-8,"SYS:NYTD.ACF.hhs.gov,ORG:ACF"
cerberusgrub-6,"SYS:ACF_ExtranetCLS,ORG:ACF"
cerberusgrub-5,"SYS:ACF_ExtranetCLS,ORG:ACF"
cerberusgrub-4,"ORG:ACF,SYS:NYTD.ACF.hhs.gov"
cerberusgrub-3,"SYS:NYTD.ACF.hhs.gov,ORG:ACF"
cerberusgrub-1,"SYS:NYTD.ACF.hhs.gov,ORG:ACF"
cerberusweta-2,ORG:NIH/OCIO
cerberuswaspspider-15,"SYS:OEM-AVIDS,ORG:OS/ASPR"
cerberusresponsibledisclosure-5,ORG:NIH/NLM
cerberuswormtick-2,"ORG:AHRQ,SYS:AHRQ_PSNET"
cerberuswormtick-5,"SYS:AHRQ_PSNET,ORG:AHRQ"
cerberuswormtick-6,"SYS:AHRQ_PSNET,ORG:AHRQ"
cerberuswormtick-10,"SYS:AHRQ_PSNET,ORG:AHRQ"
cerberussnow-149,"ORG:OS/OASH,SYS:dcp.psc.gov"
cerberuswaspspider-4,"ORG:ACF,SYS:ACF_Extranet"
cerberuswaspspider-5,"ORG:ACF,SYS:ACF_Extranet"
cerberuswaspspider-6,"SYS:ACF_Extranet,ORG:ACF"
cerberuswaspspider-7,"ORG:ACF,SYS:ACF_Extranet"
cerberuswaspspider-8,"SYS:ACF_Extranet,ORG:ACF"
cerberuswaspspider-9,"ORG:ACF,SYS:ACF_Extranet"
cerberuswaspspider-12,"SYS:ACF_Extranet,ORG:ACF"
cerberuswaspspider-17,"ORG:ACF,SYS:ACF_Extranet"
cerberuswaspspider-18,"SYS:ACF_Extranet,ORG:ACF"
cerberuswaspspider-19,"SYS:ACF_Extranet,ORG:ACF"
cerberuswaspspider-20,"SYS:ACF_Extranet,ORG:ACF"
cerberuswaspspider-13,"SYS:ACF_Extranet,ORG:ACF"
cerberuswaspspider-22,"ORG:ACF,SYS:ACF_Extranet"
cerberuswaspspider-14,"SYS:ACF_Extranet,ORG:ACF"
cerberuswaspspider-21,"ORG:ACF,SYS:ACF_Extranet"
cerberuswaspspider-24,"SYS:ACF_Extranet,ORG:ACF"
cerberuswaspspider-26,"SYS:ACF_Extranet,ORG:ACF"
cerberuswaspspider-16,"SYS:ACF_Extranet,ORG:ACF"
cerberuswaspspider-25,"SYS:ACF_Extranet,ORG:ACF"
cerberuswaspspider-27,"SYS:ACF_Extranet,ORG:ACF"
cerberuswaspspider-28,"ORG:ACF,SYS:ACF_Extranet"
cerberuswormbug-10,"SYS:AHRQ_SRDR,ORG:AHRQ"
cerberuswormbug-35,"SYS:AHRQ_SRDR,ORG:AHRQ"
cerberussnow-139,"ORG:OS/ASPR,SYS:OEM-AVIDS"
cerberuswormbug-33,"ORG:AHRQ,SYS:AHRQ_SRDR"
cerberussnow-220,"ORG:ACF,SYS:ACF_Extranet"
cerberuswaspspider-3,"ORG:ACF,SYS:ACF_Extranet"
cerberuswaspspider-2,"ORG:ACF,SYS:STAGING.ACF"
cerberussnow-227,"SYS:ACF_Extranet,ORG:ACF"
cerberussnow-226,"SYS:STAGING.ACF,ORG:ACF"
cerberussnow-190,"ORG:ACF,SYS:ACF_Extranet"
cerberussnow-192,"SYS:ACF_Extranet,ORG:ACF"
cerberussnow-31,"SYS:OEM-TI,ORG:OS/ASPR"
cerberussnow-253,"SYS:OEM-TI,ORG:OS/ASPR"
cerberussnow-88,ORG:OS/ASPR
cerberussnow-124,ORG:OS/OASH
cerberussnow-123,ORG:OS/OASH
cerberussnow-6,"SYS:SSCMAIL.PSC,ORG:OS/OCIO"
cerberussnow-45,ORG:OS/ASPR
cerberussnow-34,ORG:OS/ASPR
cerberussnow-98,"SYS:PSC_ASSETWEB,ORG:OS/PSC"
cerberussnow-126,ORG:ACF
cerberussnow-69,ORG:ACL
cerberussnow-50,ORG:OS/PSC
cerberussnow-64,ORG:ACL
cerberussnow-68,ORG:OS/ASPR
cerberussnow-84,ORG:OS/ASPR
cerberussnow-92,"SYS:PSC_ASSETWEB,ORG:OS/PSC"
cerberussnow-99,"SYS:ASPR_PARS,ORG:OS/ASPR"
cerberussnow-121,ORG:ACF
cerberussnow-2,"ORG:ACF,SYS:ACF_Extranet"
cerberussnow-29,ORG:OS/ASPR
cerberussnow-36,ORG:OS/PSC
cerberussnow-70,ORG:OS/PSC
cerberussnow-86,"ORG:OS/ASPR,SYS:ASPR_SOC"
cerberussnow-125,ORG:OS/OCIO
cerberussnow-74,ORG:OS/PSC
cerberussnow-120,ORG:OS/OCIO
cerberussnow-142,"SYS:OS_STAGEINTRANET,ORG:ACL"
cerberussnow-27,ORG:ACL
cerberussnow-47,ORG:ACL
cerberussnow-57,ORG:AHRQ
cerberussnow-110,"SYS:OEM-SIMS,ORG:OS/ASPR"
cerberussnow-37,ORG:OS/PSC
cerberussnow-13,ORG:ACF
cerberussnow-73,ORG:OS/ASPR
cerberussnow-85,"SYS:ASPR_ESAR_VISA,ORG:OS/ASPR"
cerberussnow-90,"SYS:ACF_Extranet,ORG:ACF"
cerberussnow-48,ORG:ACL
cerberussnow-15,"ORG:ACF,SYS:ACF_Extranet"
cerberussnow-1,ORG:OS/PSC
cerberussnow-141,"SYS:STAGESKYWALKER,ORG:ACL"
cerberussnow-49,ORG:OS/PSC
cerberussnow-38,ORG:OS/PSC
cerberussnow-21,ORG:OS/ASPR
cerberussnow-18,ORG:OS/ASPR
cerberussnow-9,"ORG:OS/ASPR,SYS:ASPR_ESAR_VISA"
cerberussnow-65,ORG:OS/ODPHP
cerberussnow-4,"ORG:ACF,SYS:ACF_Extranet"
cerberussnow-132,ORG:ACF
cerberussnow-129,ORG:ACF
cerberussnow-119,"SYS:dcp.psc.gov,ORG:OS/OASH"
cerberussnow-12,ORG:OS/ASPR
cerberussnow-33,"SYS:ACF_Extranet,ORG:ACF"
cerberussnow-32,ORG:AHRQ
cerberussnow-30,"SYS:DIRECTORY.PSC,ORG:OS/OCIO"
cerberussnow-28,"SYS:ACF_Extranet,ORG:ACF"
cerberussnow-7,"SYS:ACF_Extranet,ORG:ACF"
cerberussnow-5,"SYS:ACF_Extranet,ORG:ACF"
cerberussnow-41,"SYS:ACF_Extranet,ORG:ACF"
cerberussnow-3,ORG:OS/PSC
cerberussnow-14,"ORG:ACF,SYS:ACF_Extranet"
cerberussnow-11,ORG:OS/ASPR
cerberussnow-10,ORG:OS/ASPR
cerberussnow-40,"SYS:ACF_Extranet,ORG:ACF"
cerberussnow-39,"ORG:OS/ASPR,SYS:HHSCAP.HHS.GOV"
cerberussnow-19,"SYS:ACF_Extranet,ORG:ACF"
cerberussnow-25,ORG:ACF
cerberussnow-128,ORG:OS/OASH
cerberussnow-127,ORG:ACF
cerberussnow-255,"SYS:dcp.psc.gov,ORG:OS/PSC"
cerberussnow-143,"SYS:healthypeople.gov,ORG:OS/OASH"
cerberussnow-172,"ORG:OS/ASPR,SYS:OEM-TI"
cerberussnow-231,"ORG:OS/ASPR,SYS:OEM-TI"
cerberussnow-111,ORG:OS/ASFR
cerberussnow-109,"SYS:OEM-SIMS,ORG:OS/ASPR"
cerberussnow-107,ORG:OS/ASPR
cerberussnow-108,"ORG:OS/ASPR,SYS:OEM-SIMS"
cerberussnow-100,"ORG:OS/PSC,ORG:OS/DCIO"
cerberussnow-175,"ORG:OS/ASPR,SYS:OEM-TI"
cerberussnow-42,ORG:OS/ASPR
cerberussnow-46,ORG:OS/PSC
cerberussnow-51,"SYS:ACF_Extranet,ORG:ACF"
cerberussnow-53,ORG:ACL
cerberussnow-54,ORG:ACL
cerberussnow-58,ORG:OS/PSC
cerberussnow-60,ORG:OS/PSC
cerberussnow-62,ORG:OS/PSC
cerberussnow-63,ORG:OS/PSC
cerberussnow-66,ORG:OS/ODPHP
cerberussnow-67,ORG:OS/ODPHP
cerberussnow-76,ORG:AHRQ
cerberussnow-91,"ORG:ACF,SYS:ACF_Extranet"
cerberussnow-94,"ORG:ACF,SYS:ACF_Extranet"
cerberussnow-95,"SYS:SAMHSA_WWW,ORG:SAMHSA"
cerberussnow-96,"SYS:OCIO_DIRECTORY,ORG:OS/OCIO"
cerberussnow-101,ORG:OS/OASH
cerberussnow-102,ORG:OS/ASPR
cerberussnow-104,ORG:OS/OASH
cerberussnow-277,"SYS:OEM-SIMS,ORG:OS/ASPR"
cerberussnow-278,"ORG:OS/ASPR,SYS:OEM-SIMS"
cerberuswormtick-3,"SYS:AHRQ_PSNET,ORG:AHRQ"
cerberuswormtick-7,"SYS:AHRQ_PSNET,ORG:AHRQ"
cerberuswormtick-9,"ORG:AHRQ,SYS:AHRQ_PSNET"
cerberuswormtick-4,"SYS:AHRQ_PSNET,ORG:AHRQ"
cerberuswormtick-1,"SYS:AHRQ_PSNET,ORG:AHRQ"
cerberuswormtick-11,"ORG:AHRQ,SYS:AHRQ_PSNET"
cerberuswormtick-12,ORG:OS/ASPA
cerberussnow-106,"SYS:ACF_Extranet,ORG:ACF"
cerberussnow-103,ORG:OS/ASPR
cerberussnow-113,"ORG:OS/OCIO,SYS:OCIO_ENMS"
cerberussnow-114,ORG:OS/PSC
cerberussnow-115,"SYS:dcp.psc.gov,ORG:OS/OASH"
cerberussnow-140,"ORG:AHRQ,SYS:EPC-SRCTEST"
cerberuswormant-2,ORG:AHRQ
cerberusbee-1,"SYS:CDC_eFSAP,ORG:CDC"
cerberusbee-2,"SYS:CDC_eFSAP,ORG:CDC"
cerberusbee-7,"SYS:CDC_eFSAP,ORG:CDC"
cerberusbee-5,"SYS:CDC_eFSAP,ORG:CDC"
cerberusbee-13,"SYS:CDC_eFSAP,ORG:CDC"
cerberusbeetle-2,"ORG:CDC,SYS:CDC_SHAREPOINT-DMZ"
cerberusbeetle-4,"SYS:CDC_SHAREPOINT-DMZ,ORG:CDC"
cerberusbeetle-1,"SYS:CDC_SHAREPOINT-DMZ,ORG:CDC"
cerberusbeetle-5,"ORG:CDC,SYS:CDC_SHAREPOINT-DMZ"
cerberusbeetle-6,"SYS:CDC_SHAREPOINT-DMZ,ORG:CDC"
cerberusbeetle-10,"ORG:CDC,SYS:CDC_SHAREPOINT-DMZ"
cerberusfirefly-1,"SYS:CDC_eFASP,ORG:CDC"
cerberusfirefly-2,"SYS:CDC_eFASP,ORG:CDC"
cerberusfirefly-3,"SYS:CDC_eFASP,ORG:CDC"
cerberussnow-185,"ORG:ACF,SYS:ACF_Extranet"
cerberussnow-249,"ORG:OS/PSC,SYS:FOH_FCS"
cerberussnow-248,"ORG:OS/PSC,SYS:FOH_FCS"
cerberussnow-276,"ORG:OS/OASH,SYS:OASH_USPHS.GOV"
cerberussnow-275,"SYS:OASH_USPHS.GOV,ORG:OS/OASH"
cerberuswormbug-17,"SYS:AHRQ_SRDR,ORG:AHRQ"
cerberuswormbug-9,"SYS:AHRQ_SRDR,ORG:AHRQ"
cerberuswormmoth-11,ORG:AHRQ
cerberuswormfly-3,ORG:CDC
cerberuswormfly-2,ORG:CDC
cerberuswormmoth-4,ORG:AHRQ
cerberuswormmoth-8,ORG:AHRQ
cerberuswormmoth-9,ORG:AHRQ
cerberuswormbug-7,"SYS:AHRQ_SRDR,ORG:AHRQ"
cerberusresponsibledisclosure-4,ORG:OS/OCIO
cerberuswormbee-4,ORG:OS/ASPA
cerberuswormbee-1,ORG:OS/ASPA
cerberuswormbee-2,ORG:OS/ASPA
cerberusscorpion-9,"ORG:OS/CTO,SYS:CTO_UNIFI"
cerberuswormmoth-7,ORG:AHRQ
cerberuswormmoth-2,ORG:AHRQ
cerberussnow-238,"ORG:ACF,SYS:ACF_Extranet"
cerberussnow-236,"SYS:STAGING.ACF,ORG:ACF"
cerberussnow-235,"SYS:STAGING.ACF,ORG:ACF"
cerberussnow-204,"ORG:ACF,SYS:ACF_Extranet"
cerberussnow-147,"ORG:ACF,SYS:ACF_Extranet"
cerberusresponsibledisclosure-3,ORG:CMS
cerberuswormscorpion-1,"SYS:HRSA_WEB,ORG:OS/ASPA"
cerberuswormbeetle-1,ORG:CDC
cerberusfirebee-2,"ORG:OS/OCIO,SYS:OASP_BIIS-C"
cerberusfirebee-1,"ORG:OS/OCIO,SYS:OASP_BIIS-C"
cerberuswormspider-2,"SYS:NCATS_UNITE,ORG:NIH/NCATS"
cerberuswormspider-3,"SYS:NCATS_UNITE,ORG:NIH/NCATS"
cerberuswormspider-4,"ORG:NIH/NCATS,SYS:NCATS_UNITE"
cerberuswormspider-5,"ORG:NIH/NCATS,SYS:NCATS_UNITE"
cerberusearthcricket-5,"SYS:TELETRACKING,ORG:OS/OCIO"
cerberusearthcricket-6,"SYS:TELETRACKING,ORG:OS/OCIO"
cerberusresponsibledisclosure-1,ORG:ACF
cerberusearthcricket-1,"SYS:TELETRACKING,ORG:OS/OCIO"
cerberussnow-23,"ORG:OS/ASPR,SYS:OEM-TI"
cerberusresponsibledisclosure-2,ORG:OS/OASH
cerberusscarab-4,"SYS:HRSA_BMISS,ORG:HRSA"
cerberussnow-179,"ORG:ACF,SYS:ACF_Extranet"
cerberustarantula-12,"ORG:HRSA,SYS:HRSA_EHB"
cerberustarantula-9,"ORG:HRSA,SYS:HRSA_EHB"
cerberustarantula-11,"ORG:HRSA,SYS:HRSA_EHB"
cerberustarantula-8,"ORG:HRSA,SYS:HRSA_EHB"
cerberustarantula-10,"ORG:HRSA,SYS:HRSA_EHB"
cerberuslacewing-11,"SYS:CDC_EPI-X,ORG:CDC"
cerberustarantula-3,"SYS:HRSA_EHB,ORG:HRSA"
cerberustarantula-4,"ORG:HRSA,SYS:HRSA_EHB"
cerberustarantula-5,"ORG:HRSA,SYS:HRSA_EHB"
cerberuslacewing-8,"ORG:CDC,SYS:CDC_EPI-X"
cerberuscranebee-4,"SYS:CDC_DataLake,ORG:CDC"
cerberuscranebee-5,"SYS:CDC_DataLake,ORG:CDC"
cerberuscranebee-1,"ORG:CDC,SYS:CDC_DataLake"
cerberusfireant-11,"ORG:OS/ASPR/BARDA,SYS:BARDA_MCM"
cerberusfireant-8,"ORG:OS/ASPR/BARDA,SYS:BARDA_MCM"
cerberuslacewing-7,"ORG:CDC,SYS:CDC_EPI-X"
cerberuslacewing-4,"SYS:CDC_EPI-X,ORG:CDC"
cerberuslacewing-2,"SYS:CDC_EPI-X,ORG:CDC"
cerberuslacewing-5,"SYS:CDC_EPI-X,ORG:CDC"
cerberuslacewing-3,"ORG:CDC,SYS:CDC_EPI-X"
cerberuslacewing-6,"ORG:CDC,SYS:CDC_EPI-X"
cerberuslacewing-1,"ORG:CDC,SYS:CDC_EPI-X"
cerberuscranefly-1,"ORG:CDC,SYS:CDC_VTrckS"
cerberusearthwasp-4,"SYS:CDC_VSAFE,ORG:CDC"
cerberusearthwasp-3,"SYS:CDC_VSAFE,ORG:CDC"
cerberusscarab-6,"SYS:HRSA_BMISS,ORG:HRSA"
cerberusscarab-5,"ORG:HRSA,SYS:HRSA_BMISS"
cerberusscarab-3,"ORG:HRSA,SYS:HRSA_BMISS"
cerberusscarab-8,"SYS:HRSA_BMISS,ORG:HRSA"
cerberusscarab-7,"SYS:HRSA_BMISS,ORG:HRSA"
cerberusearthwasp-2,"ORG:CDC,SYS:CDC_VSAFE"
cerberusearthwasp-1,"SYS:CDC_VSAFE,ORG:CDC"
cerberuslacewing-9,"SYS:CDC_EPI-X,ORG:CDC"
cerberuslacewing-10,"SYS:CDC_EPI-X,ORG:CDC"
cerberuslacewing-12,"ORG:CDC,SYS:CDC_EPI-X"
cerberuslacewing-13,"SYS:CDC_EPI-X,ORG:CDC"
cerberusfireant-9,"ORG:OS/ASPR/BARDA,SYS:BARDA_MCM"
cerberusfireant-12,"ORG:OS/ASPR/BARDA,SYS:BARDA_MCM"
cerberusvolcano-1,"ORG:CDC,SYS:CDC_PHIN-MS"
cerberusfireant-10,"SYS:BARDA_MCM,ORG:OS/ASPR/BARDA"
cerberusant-2,"SYS:CDC_CDMIS,ORG:CDC"
cerberusant-3,"ORG:CDC,SYS:CDC_CDMIS"
cerberusant-1,"ORG:CDC,SYS:CDC_CDMIS"
cerberushail-4,"SYS:SAMHSA_HOSTS,ORG:SAMHSA"
cerberustarantula-7,"ORG:HRSA,SYS:HRSA_EHB"
cerberusfireant-2,"SYS:BARDA_MCM,ORG:OS/ASPR/BARDA"
cerberusfireant-15,"SYS:BARDA_MCM,ORG:OS/ASPR/BARDA"
cerberusfireant-4,"SYS:BARDA_MCM,ORG:OS/ASPR/BARDA"
cerberusfireant-5,"SYS:BARDA_MCM,ORG:OS/ASPR/BARDA"
cerberusfireant-6,"SYS:BARDA_MCM,ORG:OS/ASPR/BARDA"
cerberusfireant-1,"SYS:BARDA_MCM,ORG:OS/ASPR/BARDA"
cerberusfireant-13,"ORG:OS/ASPR/BARDA,SYS:BARDA_MCM"
cerberusfireant-3,"SYS:BARDA_MCM,ORG:OS/ASPR/BARDA"
cerberusfireant-14,"ORG:OS/ASPR/BARDA,SYS:BARDA_MCM"
cerberusfireant-16,"ORG:OS/ASPR/BARDA,SYS:BARDA_MCM"
cerberustornado-3,"ORG:OS/ASPR,SYS:BARDA_DRIVE"
cerberushail-3,"ORG:SAMHSA,SYS:SAMHSA_HOSTS"
cerberushail-2,"ORG:SAMHSA,SYS:SAMHSA_HOSTS"
cerberustarantula-6,"SYS:HRSA_EHB,ORG:HRSA"
cerberustornado-4,"SYS:NCATS_CDSH.ORG,ORG:NIH/NCATS"
cerberusantlion-6,"ORG:HRSA,SYS:HRSA_NPDB"
cerberusscorpion-2,"ORG:OS/CTO,SYS:CTO_UNIFI"
cerberusscorpion-3,"ORG:OS/CTO,SYS:CTO_UNIFI"
cerberusscorpion-4,"ORG:OS/CTO,SYS:CTO_UNIFI"
cerberusscorpion-11,"SYS:CTO_UNIFI,ORG:OS/CTO"
cerberusscorpion-13,"SYS:CTO_UNIFI,ORG:OS/CTO"
cerberusscorpion-10,"ORG:OS/CTO,SYS:CTO_UNIFI"
cerberustornado-2,"ORG:NIH/NCATS,SYS:NCATS_CDSH.ORG"
cerberustornado-1,"ORG:NIH/NCATS,SYS:NCATS_CDSH.ORG"
cerberussnow-164,"SYS:OEM-SIMS,ORG:OS/ASPR"
cerberussnakefly-2,"SYS:OASH_USPHS.GOV,ORG:OS/OASH"
cerberussnakefly-3,"ORG:OS/OASH,SYS:OASH_USPHS.GOV"
cerberusantlion-12,"SYS:HRSA_NPDB,ORG:HRSA"
cerberusantlion-4,"ORG:HRSA,SYS:HRSA_NPDB"
cerberusstonefly-1,"SYS:ASPE_WEB,ORG:OS/ASPE"
cerberusstonefly-3,"ORG:OS/ASPE,SYS:ASPE_WEB"
cerberusstonefly-5,"SYS:ASPE_WEB,ORG:OS/ASPE"
cerberusstonefly-6,"SYS:ASPE_WEB,ORG:OS/ASPE"
cerberusstonefly-9,"ORG:OS/ASPE,SYS:ASPE_WEB"
cerberusstonefly-2,"ORG:OS/ASPE,SYS:ASPE_WEB"
cerberusstonefly-7,"SYS:ASPE_WEB,ORG:OS/ASPE"
cerberusstonefly-8,"ORG:OS/ASPE,SYS:ASPE_WEB"
cerberusleafcutter-4,"ORG:OS/OASH,SYS:OASH_OPA"
cerberusleafcutter-2,"ORG:OS/OASH,SYS:OASH_OPA"
cerberusleafcutter-3,"SYS:OASH_OPA,ORG:OS/OASH"
cerberusleafcutter-1,"SYS:OASH_OPA,ORG:OS/OASH"
cerberusantlion-7,"ORG:HRSA,SYS:HRSA_NPDB"
cerberusantlion-5,"SYS:HRSA_NPDB,ORG:HRSA"
cerberusantlion-9,"SYS:HRSA_NPDB,ORG:HRSA"
cerberusantlion-10,"ORG:HRSA,SYS:HRSA_NPDB"
cerberusantlion-11,"SYS:HRSA_NPDB,ORG:HRSA"
cerberusantlion-13,"SYS:HRSA_NPDB,ORG:HRSA"
cerberusantlion-14,"SYS:HRSA_NPDB,ORG:HRSA"
cerberusmoth-9,"SYS:CMS_OKTASNOW,ORG:CMS"
cerberussnow-234,"ORG:ACF,SYS:ACF_Extranet"
cerberussnow-228,"ORG:ACF,SYS:ACF_Extranet"
cerberussnow-246,"ORG:ACF,SYS:ACF_Extranet"
cerberussnow-244,"SYS:ACF_Extranet,ORG:ACF"
cerberussnow-197,"ORG:ACF,SYS:ACF_Extranet"
cerberussnow-196,"SYS:ACF_Extranet,ORG:ACF"
cerberussnow-261,"ORG:OS/DCIO,SYS:DCIO_EMailSystem"
cerberussnow-163,"SYS:OEM-SIMS,ORG:OS/ASPR"
cerberussnow-169,"SYS:OEM-SIMS,ORG:OS/ASPR"
cerberussnow-262,"SYS:OEM-SIMS,ORG:OS/ASPR"
cerberussnow-242,"ORG:ACF,SYS:ACF_Extranet"
cerberussnow-241,"ORG:ACF,SYS:ACF_Extranet"
cerberussnow-225,"ORG:ACF,SYS:ACF_Extranet"
cerberussnow-224,"SYS:ACF_Extranet,ORG:ACF"
cerberussnow-217,"ORG:ACF,SYS:STAGING.ACF"
cerberusflea-30,"ORG:OS/OASH,SYS:OASH_CCP-C"
cerberussnow-271,"ORG:HRSA,SYS:HRSA_NPDB"
cerberusflea-19,"SYS:OASH_CCP-C,ORG:OS/OASH"
cerberusflea-13,"ORG:OS/OASH,SYS:OASH_CCP-C"
cerberussnow-222,"ORG:ACL,SYS:ACL_Eldercare.acl.gov"
cerberusflea-6,"ORG:OS/OASH,SYS:OASH_CCP-C"
cerberusflea-7,"SYS:OASH_CCP-C,ORG:OS/OASH"
cerberusflea-14,"SYS:OASH_CCP-C,ORG:OS/OASH"
cerberuslocust-3,ORG:OS/OCIO
cerberuslocust-4,ORG:OS/OCIO
cerberuslocust-1,ORG:OS/OCIO
cerberusflea-24,"SYS:OASH_CCP-C,ORG:OS/OASH"
cerberussnow-274,"ORG:HRSA,SYS:HRSA_NPDB"
cerberusflea-20,"SYS:OASH_CCP-C,ORG:OS/OASH"
cerberusflea-4,"ORG:OS/OASH,SYS:OASH_CCP-C"
cerberusflea-28,"SYS:OASH_CCP-C,ORG:OS/OASH"
cerberussnow-148,"ORG:OS/ASPR,SYS:OEM-SIMS"
cerberussnow-254,"SYS:dcp.psc.gov,ORG:OS/OASH"
cerberussnow-250,"SYS:dcp.psc.gov,ORG:OS/OASH"
cerberussnow-251,"SYS:dcp.psc.gov,ORG:OS/OASH"
cerberussnow-252,"SYS:dcp.psc.gov,ORG:OS/OASH"
cerberussnow-221,"SYS:STAGING.ACF,ORG:ACF"
cerberussnow-216,"SYS:STAGING.ACF,ORG:ACF"
cerberussnow-184,"ORG:ACF,SYS:ACF_Extranet"
cerberussnow-187,"SYS:ACF_Extranet,ORG:ACF"
cerberusflea-2,"SYS:OASH_CCP-C,ORG:OS/OASH"
cerberussnow-247,"SYS:ACL_Eldercare.acl.gov,ORG:ACL"
cerberussnow-243,"SYS:ACL_Eldercare.acl.gov,ORG:ACL"
cerberussnow-160,"SYS:ACL_Eldercare.acl.gov,ORG:ACL"
cerberussnow-188,"ORG:ACF,SYS:ACF_Extranet"
cerberussnow-186,"ORG:ACF,SYS:ACF_Extranet"
cerberussnow-182,"SYS:ACF_Extranet,ORG:ACF"
cerberussnow-181,"SYS:ACF_Extranet,ORG:ACF"
cerberussnow-180,"SYS:ACF_Extranet,ORG:ACF"
cerberussnow-178,"SYS:ACF_Extranet,ORG:ACF"
cerberussnow-177,"ORG:ACF,SYS:ACF_Extranet"
cerberussnow-174,"SYS:ACL_agingstats,ORG:ACL"
cerberuswhitefly-6,"SYS:HRSA_BMISS,ORG:HRSA"
cerberuswhitefly-5,"SYS:HRSA_BMISS,ORG:HRSA"
cerberuswhitefly-2,"SYS:HRSA_BMISS,ORG:HRSA"
cerberuswhitefly-1,"ORG:HRSA,SYS:HRSA_BMISS"
cerberuswasp-7,"SYS:CMS_QPP,ORG:CMS"
cerberuswasp-5,"ORG:CMS,SYS:CMS_QPP"
cerberuswasp-17,"ORG:CMS,SYS:CMS_QPP"
cerberuswasp-14,"SYS:CMS_QPP,ORG:CMS"
cerberuswasp-12,"SYS:CMS_QPP,ORG:CMS"
cerberustermite-5,"ORG:HRSA,SYS:HRSA_NPDB"
cerberustermite-17,"ORG:HRSA,SYS:HRSA_NPDB"
cerberustermite-14,"SYS:HRSA_NPDB,ORG:HRSA"
cerberustermite-11,"ORG:HRSA,SYS:HRSA_NPDB"
cerberusspider-6,"SYS:OASH_ARPRM,ORG:OS/OASH"
cerberusspider-4,"SYS:OASH_ARPRM,ORG:OS/OASH"
cerberusspider-17,"ORG:OS/OASH,SYS:OASH_ARPRM"
cerberusspider-15,"SYS:OASH_ARPRM,ORG:OS/OASH"
cerberusspider-14,"SYS:OASH_ARPRM,ORG:OS/OASH"
cerberusspider-12,"ORG:OS/OASH,SYS:OASH_ARPRM"
cerberussnow-80,"ORG:ACF,SYS:ACF_Extranet"
cerberussnow-230,"ORG:AHRQ,SYS:list.ahrq.gov"
cerberussnow-219,"SYS:STAGING.ACF,ORG:ACF"
cerberussnow-215,"ORG:ACF,SYS:STAGING.ACF"
cerberussnow-213,"ORG:ACF,SYS:STAGING.ACF"
cerberussnow-195,"SYS:dcp.psc.gov,ORG:OS/OASH"
cerberussnow-191,"SYS:ACF_WWWAPP,ORG:ACF"
cerberussnow-161,"ORG:ACF,SYS:ACF_Rhymis App"
cerberussnow-159,"ORG:OS/OASH,SYS:dcp.psc.gov"
cerberussnow-157,"ORG:OS/ASPR,SYS:OEM-SIMS"
cerberussnow-156,"SYS:OEM-SIMS,ORG:OS/ASPR"
cerberussnow-155,"ORG:AHRQ,SYS:list.ahrq.gov"
cerberussnow-153,"ORG:ACL,SYS:ACL_Eldercare.acl.gov"
cerberussnow-152,"ORG:ACL,SYS:ACL_Eldercare.acl.gov"
cerberussnow-146,"SYS:ASPR_SOLUTIONKIT,ORG:OS/ASPR"
cerberussnow-138,"ORG:ACF,ORG:OS/ASFR,ORG:OS/PSC"
cerberusrain-1,"SYS:AHRQ_NET,ORG:AHRQ"
cerberusmoth-6,"ORG:CMS,SYS:CMS_OKTASNOW"
cerberusmoth-3,"SYS:CMS_OKTASNOW,ORG:CMS"
cerberusmoth-1,"ORG:CMS,SYS:CMS_OKTASNOW"
cerberusmosquito-8,"ORG:OS/ASFR,SYS:DCIS.HHS"
cerberusmosquito-21,"ORG:OS/ASFR,SYS:DCIS.HHS"
cerberusmosquito-15,"SYS:DCIS.HHS,ORG:OS/ASFR"
cerberusmayfly-8,"ORG:HRSA,SYS:HRSA_EHB"
cerberusmayfly-7,"ORG:HRSA,SYS:HRSA_EHB"
cerberusmayfly-5,"ORG:HRSA,SYS:HRSA_EHB"
cerberusmayfly-4,"ORG:HRSA,SYS:HRSA_EHB"
cerberusmayfly-21,"ORG:HRSA,SYS:HRSA_EHB"
cerberusmayfly-15,"SYS:HRSA_EHB,ORG:HRSA"
cerberusmayfly-13,"ORG:HRSA,SYS:HRSA_EHB"
cerberusmayfly-12,"SYS:HRSA_EHB,ORG:HRSA"
cerberusmayfly-11,"SYS:HRSA_EHB,ORG:HRSA"
cerberusmantis-3,"ORG:CMS,SYS:CMS_MYMEDICARE"
cerberusmantis-2,"ORG:CMS,SYS:CMS_MYMEDICARE"
cerberuslocust-6,ORG:OS/OCIO
cerberuslocust-2,ORG:OS/OCIO
cerberusfly-4,"ORG:CMS,SYS:CMS_BLUEBUTTON"
cerberusfly-3,"SYS:CMS_BLUEBUTTON,ORG:CMS"
cerberusfly-2,"ORG:CMS,SYS:CMS_BLUEBUTTON"
cerberusflea-32,"SYS:OASH_CCP-C,ORG:OS/OASH"
cerberusflea-26,"ORG:OS/OASH,SYS:OASH_CCP-C"
cerberusflea-12,"ORG:OS/OASH,SYS:OASH_CCP-C"
cerberusflea-1,"SYS:OASH_CCP-C,ORG:OS/OASH"
cerberusdragonfly-3,"ORG:HRSA,SYS:HRSA_ICS"
cerberusdragonfly-2,"SYS:HRSA_ICS,ORG:HRSA"
cerberusdragonfly-1,"SYS:HRSA_ICS,ORG:HRSA"
cerberuscricket-4,"SYS:OASH_COPS,ORG:OS/OASH"
cerberuscricket-30,"ORG:OS/OASH,SYS:OASH_COPS"
cerberuscricket-29,"ORG:OS/OASH,SYS:OASH_COPS"
cerberuscricket2-5,"SYS:OASH_COPS,ORG:OS/OASH"
cerberuscricket-21,"SYS:OASH_COPS,ORG:OS/OASH"
cerberuscricket-19,"SYS:OASH_COPS,ORG:OS/OASH"
cerberuscricket-18,"SYS:OASH_COPS,ORG:OS/OASH"
cerberuscricket-17,"ORG:OS/OASH,SYS:OASH_COPS"
cerberuscricket-16,"ORG:OS/OASH,SYS:OASH_COPS"
cerberuscricket-15,"ORG:OS/OASH,SYS:OASH_COPS"
cerberuscranefly-2,"ORG:CDC,SYS:CDC_VTrckS"
cerberuscicada-5,"ORG:OS/OASH,SYS:OASH_AES"
cerberuscicada-2,"SYS:OASH_AES,ORG:OS/OASH"
cerberusbutterfly-9,"SYS:FOH_WEB,ORG:OS/PSC/FOH"
cerberusbutterfly-8,"SYS:FOH_WEB,ORG:OS/PSC/FOH"
cerberusbutterfly-29,"ORG:OS/PSC/FOH,SYS:FOH_WEB"
cerberusbutterfly-27,"ORG:OS/PSC/FOH,SYS:FOH_WEB"
cerberusbutterfly-25,"SYS:FOH_WEB,ORG:OS/PSC/FOH"
cerberusbutterfly-20,"ORG:OS/PSC/FOH,SYS:FOH_WEB"
cerberusbutterfly-2,"ORG:OS/PSC/FOH,SYS:FOH_WEB"
cerberusbutterfly-19,"SYS:FOH_WEB,ORG:OS/PSC/FOH"
cerberusbutterfly-18,"SYS:FOH_WEB,ORG:OS/PSC/FOH"
cerberusbutterfly-17,"SYS:FOH_WEB,ORG:OS/PSC/FOH"
cerberusbutterfly-16,"ORG:OS/PSC/FOH,SYS:FOH_WEB"
cerberusbutterfly-15,"SYS:FOH_WEB,ORG:OS/PSC/FOH"
cerberusbutterfly-14,"ORG:OS/PSC/FOH,SYS:FOH_WEB"
cerberusbutterfly-13,"ORG:OS/PSC/FOH,SYS:FOH_WEB"
cerberusbutterfly-10,"SYS:FOH_WEB,ORG:OS/PSC/FOH"
cerberusbotfly-1,"SYS:SAMHSA_NCSACW,ORG:SAMHSA"
cerberusaphid-6,"ORG:NIH/CC,SYS:NIH/CC_HOSTS"
cerberusaphid-3,"SYS:NIH/CC_HOSTS,ORG:NIH/CC"
cerberusaphid-11,"SYS:NIH/CC_HOSTS,ORG:NIH/CC"
cerberussnow-214,"SYS:STAGING.ACF,ORG:ACF"
cerberussnow-212,"SYS:STAGING.ACF,ORG:ACF"
cerberuswhitefly-9,"SYS:HRSA_BMISS,ORG:HRSA"
cerberuswhitefly-8,"SYS:HRSA_BMISS,ORG:HRSA"
cerberuswhitefly-4,"ORG:HRSA,SYS:HRSA_BMISS"
cerberuswhitefly-3,"ORG:HRSA,SYS:HRSA_BMISS"
cerberuswasp-9,"ORG:CMS,SYS:CMS_QPP"
cerberuswasp-6,"ORG:CMS,SYS:CMS_QPP"
cerberuswasp-3,"SYS:CMS_QPP,ORG:CMS"
cerberuswasp-18,"ORG:CMS,SYS:CMS_QPP"
cerberuswasp-13,"SYS:CMS_QPP,ORG:CMS"
cerberuswasp-11,"SYS:CMS_QPP,ORG:CMS"
cerberuswasp-10,"ORG:CMS,SYS:CMS_QPP"
cerberustermite-9,"ORG:HRSA,SYS:HRSA_NPDB"
cerberustermite-6,"ORG:HRSA,SYS:HRSA_NPDB"
cerberustermite-16,"ORG:HRSA,SYS:HRSA_NPDB"
cerberustermite-13,"SYS:HRSA_NPDB,ORG:HRSA"
cerberustermite-12,"SYS:HRSA_NPDB,ORG:HRSA"
cerberustermite-10,"SYS:HRSA_NPDB,ORG:HRSA"
cerberusspider-3,"ORG:OS/OASH,SYS:OASH_ARPRM"
cerberusspider-22,"SYS:OASH_ARPRM,ORG:OS/OASH"
cerberusspider-20,"ORG:OS/OASH,SYS:OASH_ARPRM"
cerberusspider-19,"ORG:OS/OASH,SYS:OASH_ARPRM"
cerberusspider-18,"ORG:OS/OASH,SYS:OASH_ARPRM"
cerberusspider-16,"ORG:OS/OASH,SYS:OASH_ARPRM"
cerberusspider-11,"SYS:OASH_ARPRM,ORG:OS/OASH"
cerberusspider-1,"SYS:OASH_ARPRM,ORG:OS/OASH"
cerberussnow-43,"SYS:ACF_Rhymis App,ORG:ACF"
cerberussnow-168,"SYS:ACF_Rhymis App,ORG:ACF"
cerberussnow-151,"ORG:ACF,SYS:ACF_Extranet"
cerberusrain-3,"SYS:AHRQ_NET,ORG:AHRQ"
cerberusmoth-2,"SYS:CMS_OKTASNOW,ORG:CMS"
cerberusmosquito-9,"SYS:DCIS.HHS,ORG:OS/ASFR"
cerberusmayfly-9,"SYS:HRSA_EHB,ORG:HRSA"
cerberusmayfly-6,"ORG:HRSA,SYS:HRSA_EHB"
cerberusmayfly-3,"SYS:HRSA_EHB,ORG:HRSA"
cerberusmayfly-22,"ORG:HRSA,SYS:HRSA_EHB"
cerberusmayfly-20,"SYS:HRSA_EHB,ORG:HRSA"
cerberusmayfly-16,"ORG:HRSA,SYS:HRSA_EHB"
cerberuslocust-7,ORG:OS/OCIO
cerberushornet-6,"ORG:OS/OCIO,SYS:OCIO_AMS"
cerberushornet-1,"SYS:OCIO_AMS,ORG:OS/OCIO"
cerberusfly2-1,"ORG:CMS,SYS:CMS_BLUEBUTTON"
cerberuscricket-5,"SYS:OASH_COPS,ORG:OS/OASH"
cerberuscricket2-8,"ORG:OS/OASH,SYS:OASH_COPS"
cerberuscricket2-7,"ORG:OS/OASH,SYS:OASH_COPS"
cerberuscricket2-4,"SYS:OASH_COPS,ORG:OS/OASH"
cerberuscricket2-3,"ORG:OS/OASH,SYS:OASH_COPS"
cerberuscricket-22,"ORG:OS/OASH,SYS:OASH_COPS"
cerberuscricket-20,"SYS:OASH_COPS,ORG:OS/OASH"
cerberuscricket-2,"SYS:OASH_COPS,ORG:OS/OASH"
cerberuscricket-13,"ORG:OS/OASH,SYS:OASH_COPS"
cerberuscricket-12,"SYS:OASH_COPS,ORG:OS/OASH"
cerberuscricket-11,"SYS:OASH_COPS,ORG:OS/OASH"
cerberuscricket-10,"SYS:OASH_COPS,ORG:OS/OASH"
cerberuscricket-1,"SYS:OASH_COPS,ORG:OS/OASH"
cerberuscranefly-3,"SYS:CDC_VTrckS,ORG:CDC"
cerberuscicada-1,"SYS:OASH_AES,ORG:OS/OASH"
cerberusbutterfly-7,"ORG:OS/PSC/FOH,SYS:FOH_WEB"
cerberusbutterfly-6,"ORG:OS/PSC/FOH,SYS:FOH_WEB"
cerberusbutterfly-5,"ORG:OS/PSC/FOH,SYS:FOH_WEB"
cerberusbutterfly-28,"ORG:OS/PSC/FOH,SYS:FOH_WEB"
cerberusbutterfly-24,"ORG:OS/PSC/FOH,SYS:FOH_WEB"
cerberusbutterfly-21,"ORG:OS/PSC/FOH,SYS:FOH_WEB"
cerberusbutterfly-12,"SYS:FOH_WEB,ORG:OS/PSC/FOH"
cerberusbutterfly-11,"ORG:OS/PSC/FOH,SYS:FOH_WEB"
cerberusaphid-7,"SYS:NIH/CC_HOSTS,ORG:NIH/CC"
cerberusaphid-15,"SYS:NIH/CC_HOSTS,ORG:NIH/CC"
cerberusaphid-12,"ORG:NIH/CC,SYS:NIH/CC_HOSTS"
cerberusaphid-1,"ORG:NIH/CC,SYS:NIH/CC_HOSTS"
