id,taglist
cerberusadder-10,ORG:CDC
cerberusadder-11,"SYS:CDC_BAS,ORG:CDC"
cerberusadder-3,ORG:CDC
cerberusadder-5,ORG:CDC
cerberusadder-9,ORG:CDC
cerberusakita-11,"SYS:OASH_THINKCULTURALHEALTH,ORG:OS/OASH"
cerberusakita-12,"ORG:OS/OASH,SYS:OASH_THINKCULTURALHEALTH"
cerberusakita-13,"ORG:OS/OASH,SYS:OASH_THINKCULTURALHEALTH"
cerberusakita-14,"SYS:OASH_THINKCULTURALHEALTH,ORG:OS/OASH"
cerberusakita-15,"SYS:OASH_THINKCULTURALHEALTH,ORG:OS/OASH"
cerberusakita-16,"ORG:OS/OASH,SYS:OASH_THINKCULTURALHEALTH"
cerberusakita-18,"SYS:OASH_THINKCULTURALHEALTH,ORG:OS/OASH"
cerberusakita-19,"ORG:OS/OASH,SYS:OASH_THINKCULTURALHEALTH"
cerberusakita-2,"ORG:OS/OASH,SYS:OASH_THINKCULTURALHEALTH"
cerberusakita-20,"ORG:OS/OASH,SYS:OASH_THINKCULTURALHEALTH"
cerberusakita-22,"SYS:OASH_THINKCULTURALHEALTH,ORG:OS/OASH"
cerberusakita-23,"ORG:OS/OASH,SYS:OASH_THINKCULTURALHEALTH"
cerberusakita-25,"SYS:OASH_THINKCULTURALHEALTH,ORG:OS/OASH"
cerberusakita-3,"SYS:OASH_THINKCULTURALHEALTH,ORG:OS/OASH"
cerberusakita-4,"SYS:OASH_THINKCULTURALHEALTH,ORG:OS/OASH"
cerberusakita-5,"SYS:OASH_THINKCULTURALHEALTH,ORG:OS/OASH"
cerberusakita-6,"ORG:OS/OASH,SYS:OASH_THINKCULTURALHEALTH"
cerberusakita-7,"ORG:OS/OASH,SYS:OASH_THINKCULTURALHEALTH"
cerberusakita-8,"SYS:OASH_THINKCULTURALHEALTH,ORG:OS/OASH"
cerberusakita-9,"SYS:OASH_THINKCULTURALHEALTH,ORG:OS/OASH"
cerberusant-1,"SYS:CDC_CDMIS,ORG:CDC"
cerberusant-2,"SYS:CDC_CDMIS,ORG:CDC"
cerberusant-3,"ORG:CDC,SYS:CDC_CDMIS"
cerberusantant-1,ORG:NIH/NHLBI
cerberusantant-10,ORG:NIH/NHLBI
cerberusantant-11,ORG:NIH/NHLBI
cerberusantant-12,ORG:NIH/NHLBI
cerberusantant-13,ORG:NIH/NHLBI
cerberusantant-14,ORG:NIH/NHLBI
cerberusantant-15,ORG:NIH/NHLBI
cerberusantant-16,ORG:NIH/NHLBI
cerberusantant-18,ORG:NIH/NHLBI
cerberusantant-2,ORG:NIH/NHLBI
cerberusantant-20,ORG:NIH/NHLBI
cerberusantant-21,ORG:NIH/NHLBI
cerberusantant-22,ORG:NIH/NHLBI
cerberusantant-23,ORG:NIH/NHLBI
cerberusantant-24,ORG:NIH/NHLBI
cerberusantant-25,ORG:NIH/NHLBI
cerberusantant-26,ORG:NIH/NHLBI
cerberusantant-27,ORG:NIH/NHLBI
cerberusantant-28,ORG:NIH/NHLBI
cerberusantant-29,ORG:NIH/NHLBI
cerberusantant-3,ORG:NIH/NHLBI
cerberusantant-30,ORG:NIH/NHLBI
cerberusantant-31,ORG:NIH/NHLBI
cerberusantant-32,ORG:NIH/NHLBI
cerberusantant-33,ORG:NIH/NHLBI
cerberusantant-35,ORG:NIH/NHLBI
cerberusantant-4,ORG:NIH/NHLBI
cerberusantant-5,ORG:NIH/NHLBI
cerberusantant-6,ORG:NIH/NHLBI
cerberusantant-7,ORG:NIH/NHLBI
cerberusantant-8,ORG:NIH/NHLBI
cerberusantant-9,ORG:NIH/NHLBI
cerberusantbee-1,ORG:NIH/NIGMS
cerberusantbee-3,ORG:NIH/NIGMS
cerberusantbee-5,"SYS:NIH/CIT_SITEMINDER,ORG:NIH/CIT"
cerberusantbee-6,"ORG:NIH/CIT,SYS:NIH/CIT_SITEMINDER"
cerberusantbee-7,ORG:NIH/NIGMS
cerberusantbee-8,ORG:NIH/NIGMS
cerberusantbug-1,ORG:ACF
cerberusantbug-2,ORG:ACF
cerberusantfly-10,"SYS:AHRQ_QSRS,ORG:AHRQ"
cerberusantfly-11,"SYS:AHRQ_QSRS,ORG:AHRQ"
cerberusantfly-2,"SYS:AHRQ_QSRS,ORG:AHRQ"
cerberusantfly-4,"SYS:AHRQ_QSRS,ORG:AHRQ"
cerberusantfly-5,"SYS:AHRQ_QSRS,ORG:AHRQ"
cerberusantfly-6,"SYS:AHRQ_QSRS,ORG:AHRQ"
cerberusantfly-7,"SYS:AHRQ_QSRS,ORG:AHRQ"
cerberusantfly-9,"ORG:AHRQ,SYS:AHRQ_QSRS"
cerberusantgnat-1,ORG:NIH/ORS
cerberusantgnat-10,ORG:NIH/ORS
cerberusantgnat-11,ORG:NIH/ORS
cerberusantgnat-12,ORG:NIH/ORS
cerberusantgnat-13,ORG:NIH/ORS
cerberusantgnat-14,ORG:NIH/ORS
cerberusantgnat-15,ORG:NIH/ORS
cerberusantgnat-16,ORG:NIH/ORS
cerberusantgnat-17,ORG:NIH/ORS
cerberusantgnat-18,ORG:NIH/ORS
cerberusantgnat-2,ORG:NIH/ORS
cerberusantgnat-22,ORG:NIH/ORS
cerberusantgnat-23,ORG:NIH/ORS
cerberusantgnat-24,ORG:NIH/ORS
cerberusantgnat-25,ORG:NIH/ORS
cerberusantgnat-26,ORG:NIH/ORS
cerberusantgnat-27,ORG:NIH/ORS
cerberusantgnat-28,ORG:NIH/ORS
cerberusantgnat-3,ORG:NIH/ORS
cerberusantgnat-4,ORG:NIH/ORS
cerberusantgnat-5,ORG:NIH/ORS
cerberusantgnat-7,ORG:NIH/ORS
cerberusantgnat-9,ORG:NIH/ORS
cerberusantgrub-10,ORG:CDC
cerberusantgrub-11,ORG:CDC
cerberusantgrub-13,ORG:CDC
cerberusantgrub-2,ORG:CDC
cerberusantgrub-3,ORG:CDC
cerberusantgrub-4,ORG:CDC
cerberusantgrub-5,ORG:CDC
cerberusantgrub-6,ORG:CDC
cerberusantgrub-7,ORG:CDC
cerberusantgrub-9,ORG:CDC
cerberusantlice-1,ORG:NIH/NCI
cerberusantlice-2,ORG:NIH/NCI
cerberusantlice-3,ORG:NIH/NCI
cerberusantlion-10,"SYS:HRSA_NPDB,ORG:HRSA"
cerberusantlion-11,"ORG:HRSA,SYS:HRSA_NPDB"
cerberusantlion-12,"ORG:HRSA,SYS:HRSA_NPDB"
cerberusantlion-13,"ORG:HRSA,SYS:HRSA_NPDB"
cerberusantlion-14,"ORG:HRSA,SYS:HRSA_NPDB"
cerberusantlion-4,"SYS:HRSA_NPDB,ORG:HRSA"
cerberusantlion-5,"SYS:HRSA_NPDB,ORG:HRSA"
cerberusantlion-6,"SYS:HRSA_NPDB,ORG:HRSA"
cerberusantlion-7,"SYS:HRSA_NPDB,ORG:HRSA"
cerberusantlion-9,"SYS:HRSA_NPDB,ORG:HRSA"
cerberusantmite-1,ORG:NIH/NIDA
cerberusantmite-2,ORG:NIH/NIDA
cerberusantmite-3,ORG:NIH/NIDA
cerberusantmoth-001-1,ORG:NIH/CIT
cerberusantmoth-001-2,ORG:NIH/CIT
cerberusantmoth-001-3,ORG:NIH/CIT
cerberusantmoth-002-1,ORG:NIH/CIT
cerberusantmoth-002-10,ORG:NIH/CIT
cerberusantmoth-002-11,ORG:NIH/CIT
cerberusantmoth-002-12,ORG:NIH/CIT
cerberusantmoth-002-13,ORG:NIH/CIT
cerberusantmoth-002-14,ORG:NIH/CIT
cerberusantmoth-002-15,ORG:NIH/CIT
cerberusantmoth-002-16,ORG:NIH/CIT
cerberusantmoth-002-17,ORG:NIH/CIT
cerberusantmoth-002-18,ORG:NIH/CIT
cerberusantmoth-002-2,ORG:NIH/CIT
cerberusantmoth-002-21,ORG:NIH/CIT
cerberusantmoth-002-24,ORG:NIH/CIT
cerberusantmoth-002-25,ORG:NIH/CIT
cerberusantmoth-002-26,ORG:NIH/CIT
cerberusantmoth-002-27,ORG:NIH/CIT
cerberusantmoth-002-28,ORG:NIH/CIT
cerberusantmoth-002-3,ORG:NIH/CIT
cerberusantmoth-002-4,ORG:NIH/CIT
cerberusantmoth-002-5,ORG:NIH/CIT
cerberusantmoth-002-7,ORG:NIH/CIT
cerberusantmoth-002-8,ORG:NIH/CIT
cerberusantmoth-002-9,ORG:NIH/CIT
cerberusantmoth-1,ORG:NIH/CIT
cerberusantmoth-2,ORG:NIH/CIT
cerberusantmoth-3,ORG:NIH/CIT
cerberusantmoth-4,ORG:NIH/CIT
cerberusantmoth-5,ORG:NIH/CIT
cerberusantmoth-6,ORG:NIH/CIT
cerberusantmoth-7,ORG:NIH/CIT
cerberusantmoth-8,ORG:NIH/CIT
cerberusantmoth-9,ORG:NIH/CIT
cerberusaphid-1,"ORG:NIH/CC,SYS:NIH/CC_HOSTS"
cerberusaphid-11,"SYS:NIH/CC_HOSTS,ORG:NIH/CC"
cerberusaphid-12,"ORG:NIH/CC,SYS:NIH/CC_HOSTS"
cerberusaphid-15,"SYS:NIH/CC_HOSTS,ORG:NIH/CC"
cerberusaphid-2,"ORG:NIH/CC,SYS:NIH/CC_HOSTS"
cerberusaphid-3,"ORG:NIH/CC,SYS:NIH/CC_HOSTS"
cerberusaphid-6,"SYS:NIH/CC_HOSTS,ORG:NIH/CC"
cerberusaphid-7,"ORG:NIH/CC,SYS:NIH/CC_HOSTS"
cerberusarachnid-1,"SYS:OASH_ORIRCR,ORG:OS/OASH"
cerberusarachnid-2,"SYS:OASH_ORIRCR,ORG:OS/OASH"
cerberusarachnid-3,"SYS:OASH_ORIRCR,ORG:OS/OASH"
cerberusarachnid-5,"ORG:OS/OASH,SYS:OASH_ORIRCR"
cerberusbagworm-1,"SYS:CDC_eFASP,ORG:CDC"
cerberusbagworm-2,"ORG:CDC,SYS:CDC_eFASP"
cerberusbagworm-3,"ORG:CDC,SYS:CDC_eFASP"
cerberusbatbug-1,ORG:NIH/CSR
cerberusbatbug-10,ORG:NIH/CSR
cerberusbatbug-11,ORG:NIH/CSR
cerberusbatbug-12,ORG:NIH/CSR
cerberusbatbug-13,ORG:NIH/CSR
cerberusbatbug-14,ORG:NIH/CSR
cerberusbatbug-15,ORG:NIH/CSR
cerberusbatbug-2,ORG:NIH/CSR
cerberusbatbug-20,ORG:NIH/CSR
cerberusbatbug-22,ORG:NIH/CSR
cerberusbatbug-5,ORG:NIH/CSR
cerberusbatbug-6,ORG:NIH/CSR
cerberusbatbug-7,ORG:NIH/CSR
cerberusbatbug-8,ORG:NIH/CSR
cerberusbatbug-9,ORG:NIH/CSR
cerberusbatfly-1,ORG:IHS
cerberusbatfly-10,"SYS:IHS_PHR,ORG:IHS"
cerberusbatfly-11,"SYS:IHS_HSP,ORG:IHS"
cerberusbatfly-12,ORG:IHS
cerberusbatfly-14,ORG:IHS
cerberusbatfly-16,ORG:IHS
cerberusbatfly-17,ORG:IHS
cerberusbatfly-18,"ORG:IHS,SYS:IHS_PHR"
cerberusbatfly-19,ORG:IHS
cerberusbatfly-20,ORG:IHS
cerberusbatfly-21,ORG:IHS
cerberusbatfly-22,ORG:IHS
cerberusbatfly-23,ORG:IHS
cerberusbatfly-24,ORG:IHS
cerberusbatfly-25,"SYS:IHS_HSP,ORG:IHS"
cerberusbatfly-26,ORG:IHS
cerberusbatfly-27,ORG:IHS
cerberusbatfly-29,ORG:IHS
cerberusbatfly-31,ORG:IHS
cerberusbatfly-32,ORG:IHS
cerberusbatfly-33,ORG:IHS
cerberusbatfly-34,ORG:IHS
cerberusbatfly-35,ORG:IHS
cerberusbatfly-36,ORG:IHS
cerberusbatfly-38,ORG:IHS
cerberusbatfly-39,ORG:IHS
cerberusbatfly-4,ORG:IHS
cerberusbatfly-40,ORG:IHS
cerberusbatfly-43,ORG:IHS
cerberusbatfly-45,ORG:IHS
cerberusbatfly-49,ORG:IHS
cerberusbatfly-50,ORG:IHS
cerberusbatfly-51,ORG:IHS
cerberusbatfly-52,ORG:IHS
cerberusbatfly-54,"SYS:IHS_HSP,ORG:IHS"
cerberusbatfly-55,"SYS:IHS_HSP,ORG:IHS"
cerberusbatfly-56,"SYS:IHS_HSP,ORG:IHS"
cerberusbatfly-57,"ORG:IHS,SYS:IHS_HSP"
cerberusbatfly-6,ORG:IHS
cerberusbatfly-60,ORG:IHS
cerberusbatfly-61,ORG:IHS
cerberusbatfly-62,"SYS:IHS_PHR,ORG:IHS"
cerberusbatfly-66,ORG:IHS
cerberusbatfly-67,ORG:IHS
cerberusbatfly-7,"ORG:IHS,SYS:IHS_HSP"
cerberusbatfly-9,ORG:IHS
cerberusbee-1,"SYS:CDC_eFSAP,ORG:CDC"
cerberusbee-13,"ORG:CDC,SYS:CDC_eFSAP"
cerberusbee-2,"ORG:CDC,SYS:CDC_eFSAP"
cerberusbee-5,"SYS:CDC_eFSAP,ORG:CDC"
cerberusbee-7,"ORG:CDC,SYS:CDC_eFSAP"
cerberusbeebee-1,ORG:ACF
cerberusbeebee-10,ORG:ACF
cerberusbeebee-14,ORG:ACF
cerberusbeebee-2,ORG:ACF
cerberusbeebee-3,ORG:ACF
cerberusbeebee-5,ORG:ACF
cerberusbeebee-6,ORG:ACF
cerberusbeebee-7,ORG:ACF
cerberusbeebee-8,ORG:ACF
cerberusbeebee-9,ORG:ACF
cerberusbeebug-1,"SYS:ACF_FOIAPAL,ORG:ACF"
cerberusbeebug-10,"ORG:ACF,SYS:ACF_FOIAPAL"
cerberusbeebug-11,"SYS:ACF_FOIAPAL,ORG:ACF"
cerberusbeebug-12,"ORG:ACF,SYS:ACF_FOIAPAL"
cerberusbeebug-14,"ORG:ACF,SYS:ACF_FOIAPAL"
cerberusbeebug-2,"ORG:ACF,SYS:ACF_FOIAPAL"
cerberusbeebug-3,"ORG:ACF,SYS:ACF_FOIAPAL"
cerberusbeebug-4,"SYS:ACF_FOIAPAL,ORG:ACF"
cerberusbeebug-5,"ORG:ACF,SYS:ACF_FOIAPAL"
cerberusbeebug-6,"SYS:ACF_FOIAPAL,ORG:ACF"
cerberusbeebug-9,"ORG:ACF,SYS:ACF_FOIAPAL"
cerberusbeeflea-1,"ORG:OS/ASPR,SYS:DMIS"
cerberusbeeflea-2,"SYS:DMIS,ORG:OS/ASPR"
cerberusbeeflea-3,"SYS:ASPR WEB,ORG:OS/ASPR"
cerberusbeeflea-4,"ORG:OS/ASPR,SYS:DMIS"
cerberusbeeflea-5,"ORG:OS/ASPR,SYS:DMIS"
cerberusbeefly-1,ORG:AHRQ
cerberusbeefly-10,ORG:AHRQ
cerberusbeefly-12,ORG:AHRQ
cerberusbeefly-13,ORG:AHRQ
cerberusbeefly-14,ORG:AHRQ
cerberusbeefly-16,ORG:AHRQ
cerberusbeefly-19,ORG:AHRQ
cerberusbeefly-20,ORG:AHRQ
cerberusbeefly-24,ORG:AHRQ
cerberusbeefly-25,ORG:AHRQ
cerberusbeefly-26,ORG:AHRQ
cerberusbeefly-27,ORG:AHRQ
cerberusbeefly-28,ORG:AHRQ
cerberusbeefly-29,ORG:AHRQ
cerberusbeefly-33,ORG:AHRQ
cerberusbeefly-36,ORG:AHRQ
cerberusbeefly-8,ORG:AHRQ
cerberusbeefly-9,ORG:AHRQ
cerberusbeetick-1,ORG:NIH/NCIFCRF
cerberusbeetick-10,ORG:NIH/NCIFCRF
cerberusbeetick-11,ORG:NIH/NCIFCRF
cerberusbeetick-12,ORG:NIH/NCIFCRF
cerberusbeetick-13,ORG:NIH/NCIFCRF
cerberusbeetick-15,ORG:NIH/NCIFCRF
cerberusbeetick-17,ORG:NIH/NCIFCRF
cerberusbeetick-18,ORG:NIH/NCIFCRF
cerberusbeetick-19,ORG:NIH/NCIFCRF
cerberusbeetick-2,ORG:NIH/NCIFCRF
cerberusbeetick-20,ORG:NIH/NCIFCRF
cerberusbeetick-21,ORG:NIH/NCIFCRF
cerberusbeetick-22,ORG:NIH/NCIFCRF
cerberusbeetick-23,ORG:NIH/NCIFCRF
cerberusbeetick-25,ORG:NIH/NCIFCRF
cerberusbeetick-27,ORG:NIH/NCIFCRF
cerberusbeetick-3,ORG:NIH/NCIFCRF
cerberusbeetick-4,ORG:NIH/NCIFCRF
cerberusbeetick-6,ORG:NIH/NCIFCRF
cerberusbeetick-7,ORG:NIH/NCIFCRF
cerberusbeetick-8,ORG:NIH/NCIFCRF
cerberusbeetick-9,ORG:NIH/NCIFCRF
cerberusbeetle-1,"ORG:CDC,SYS:CDC_SHAREPOINT-DMZ"
cerberusbeetle-10,"SYS:CDC_SHAREPOINT-DMZ,ORG:CDC"
cerberusbeetle-11,"SYS:CDC_SHAREPOINT-DMZ,ORG:CDC"
cerberusbeetle-2,"SYS:CDC_SHAREPOINT-DMZ,ORG:CDC"
cerberusbeetle-4,"SYS:CDC_SHAREPOINT-DMZ,ORG:CDC"
cerberusbeetle-5,"SYS:CDC_SHAREPOINT-DMZ,ORG:CDC"
cerberusbeetle-6,"ORG:CDC,SYS:CDC_SHAREPOINT-DMZ"
cerberusblueant-1,ORG:OS/PSC
cerberusblueant-10,ORG:OS/PSC
cerberusblueant-11,ORG:OS/PSC
cerberusblueant-2,ORG:OS/PSC
cerberusblueant-3,ORG:OS/PSC
cerberusblueant-4,ORG:OS/PSC
cerberusblueant-7,ORG:OS/PSC
cerberusblueant-8,ORG:OS/PSC
cerberusblueant-9,ORG:OS/PSC
cerberusbluet-10,ORG:NIH/NHLBI
cerberusbluet-11,ORG:NIH/NHLBI
cerberusbluet-12,ORG:NIH/NHLBI
cerberusbluet-13,ORG:NIH/NHLBI
cerberusbluet-14,ORG:NIH/NHLBI
cerberusbluet-17,ORG:NIH/NHLBI
cerberusbluet-18,ORG:NIH/NHLBI
cerberusbluet-19,ORG:NIH/NHLBI
cerberusbluet-20,ORG:NIH/NHLBI
cerberusbluet-21,ORG:NIH/NHLBI
cerberusbluet-22,ORG:NIH/NHLBI
cerberusbluet-3,ORG:NIH/NHLBI
cerberusbluet-5,ORG:NIH/NHLBI
cerberusbluet-6,ORG:NIH/NHLBI
cerberusbluet-7,ORG:NIH/NHLBI
cerberusbluet-8,ORG:NIH/NHLBI
cerberusbluet-9,ORG:NIH/NHLBI
cerberusbluetetra-13,ORG:NIH/OD
cerberusbluetetra-15,ORG:NIH/OD
cerberusbluetetra-18,ORG:NIH/OD
cerberusbluetetra-19,ORG:NIH/OD
cerberusbluetetra-20,ORG:NIH/OD
cerberusbluetetra-21,ORG:NIH/OD
cerberusbluetetra-22,ORG:NIH/OD
cerberusbluetetra-23,ORG:NIH/OD
cerberusbluetetra-24,ORG:NIH/OD
cerberusbluetetra-25,ORG:NIH/OD
cerberusbluetetra-26,ORG:NIH/OD
cerberusbluetetra-3,ORG:NIH/OD
cerberusbluetetra-5,ORG:NIH/OD
cerberusbluetetra-6,ORG:NIH/OD
cerberusbluetetra-7,ORG:NIH/OD
cerberusbluetetra-8,ORG:NIH/OD
cerberusbluetetra-9,ORG:NIH/OD
cerberusborer-2,ORG:ACL
cerberusbotfly-1,"ORG:SAMHSA,SYS:SAMHSA_NCSACW"
cerberusbotfly-2,"SYS:SAMHSA_NCSACW,ORG:SAMHSA"
cerberusbug-1,"SYS:AHRQ_OCDASHBOARD,ORG:AHRQ"
cerberusbugant-1,ORG:ACF
cerberusbugant-10,ORG:ACF
cerberusbugant-11,ORG:ACF
cerberusbugant-12,ORG:ACF
cerberusbugant-13,ORG:ACF
cerberusbugant-14,ORG:ACF
cerberusbugant-15,ORG:ACF
cerberusbugant-16,ORG:ACF
cerberusbugant-17,ORG:ACF
cerberusbugant-18,ORG:ACF
cerberusbugant-19,ORG:ACF
cerberusbugant-2,ORG:ACF
cerberusbugant-20,ORG:ACF
cerberusbugant-21,ORG:ACF
cerberusbugant-22,ORG:ACF
cerberusbugant-25,ORG:ACF
cerberusbugant-3,ORG:ACF
cerberusbugant-4,ORG:ACF
cerberusbugant-5,ORG:ACF
cerberusbugant-6,ORG:ACF
cerberusbugant-7,ORG:ACF
cerberusbugant-8,ORG:ACF
cerberusbugant-9,ORG:ACF
cerberusbugbee-2,ORG:ACL
cerberusbugbug-10,ORG:CDC
cerberusbugbug-11,ORG:CDC
cerberusbugbug-12,ORG:CDC
cerberusbugbug-13,ORG:CDC
cerberusbugbug-3,ORG:CDC
cerberusbugbug-4,ORG:CDC
cerberusbugbug-5,ORG:CDC
cerberusbugbug-6,ORG:CDC
cerberusbugbug-7,ORG:CDC
cerberusbugbug-9,ORG:CDC
cerberusbugfly-1,"SYS:OASH_HealthyPeople,ORG:OS/OASH"
cerberusbugfly-2,"ORG:OS/OASH,SYS:OASH_HEALTH.GOV"
cerberusbugfly-3,"ORG:OS/OASH,SYS:OASH_HealthyPeople"
cerberusbugfly-4,"ORG:OS/OASH,SYS:OASH_HealthyPeople"
cerberusbugfly-5,"SYS:OASH_HealthyPeople,ORG:OS/OASH"
cerberusbugfly-6,"SYS:OASH_HealthyPeople,ORG:OS/OASH"
cerberusbugfly-7,"ORG:OS/OASH,SYS:OASH_HealthyPeople"
cerberusbugfly-8,"SYS:OASH_HealthyPeople,ORG:OS/OASH"
cerberusbutterfly-10,"SYS:FOH_WEB,ORG:OS/PSC/FOH"
cerberusbutterfly-11,"SYS:FOH_WEB,ORG:OS/PSC/FOH"
cerberusbutterfly-12,"SYS:FOH_WEB,ORG:OS/PSC/FOH"
cerberusbutterfly-13,"SYS:FOH_WEB,ORG:OS/PSC/FOH"
cerberusbutterfly-14,"SYS:FOH_WEB,ORG:OS/PSC/FOH"
cerberusbutterfly-15,"SYS:FOH_WEB,ORG:OS/PSC/FOH"
cerberusbutterfly-16,"ORG:OS/PSC/FOH,SYS:FOH_WEB"
cerberusbutterfly-17,"ORG:OS/PSC/FOH,SYS:FOH_WEB"
cerberusbutterfly-18,"SYS:FOH_WEB,ORG:OS/PSC/FOH"
cerberusbutterfly-19,"SYS:FOH_WEB,ORG:OS/PSC/FOH"
cerberusbutterfly-2,"SYS:FOH_WEB,ORG:OS/PSC/FOH"
cerberusbutterfly-20,"SYS:FOH_WEB,ORG:OS/PSC/FOH"
cerberusbutterfly-21,"SYS:FOH_WEB,ORG:OS/PSC/FOH"
cerberusbutterfly-24,"ORG:OS/PSC/FOH,SYS:FOH_WEB"
cerberusbutterfly-25,"ORG:OS/PSC/FOH,SYS:FOH_WEB"
cerberusbutterfly-27,"ORG:OS/PSC/FOH,SYS:FOH_WEB"
cerberusbutterfly-28,"SYS:FOH_WEB,ORG:OS/PSC/FOH"
cerberusbutterfly-29,"ORG:OS/PSC/FOH,SYS:FOH_WEB"
cerberusbutterfly-5,"SYS:FOH_WEB,ORG:OS/PSC/FOH"
cerberusbutterfly-6,"ORG:OS/PSC/FOH,SYS:FOH_WEB"
cerberusbutterfly-7,"ORG:OS/PSC/FOH,SYS:FOH_WEB"
cerberusbutterfly-8,"SYS:FOH_WEB,ORG:OS/PSC/FOH"
cerberusbutterfly-9,"ORG:OS/PSC/FOH,SYS:FOH_WEB"
cerberuscaddis-1,ORG:NIH/NIBIB
cerberuscaddis-2,ORG:NIH/NIBIB
cerberuscaddis-3,ORG:NIH/NIBIB
cerberuscicada-1,"ORG:OS/OASH,SYS:OASH_AES"
cerberuscicada-2,"SYS:OASH_AES,ORG:OS/OASH"
cerberuscicada-5,"ORG:OS/OASH,SYS:OASH_AES"
cerberuscranebee-1,"SYS:CDC_DataLake,ORG:CDC"
cerberuscranebee-4,"ORG:CDC,SYS:CDC_DataLake"
cerberuscranebee-5,"SYS:CDC_DataLake,ORG:CDC"
cerberuscranefly-1,"SYS:CDC_VTrckS,ORG:CDC"
cerberuscranefly-2,"ORG:CDC,SYS:CDC_VTrckS"
cerberuscranefly-3,"ORG:CDC,SYS:CDC_VTrckS"
cerberuscricket-1,"ORG:OS/OASH,SYS:OASH_COPS"
cerberuscricket-10,"ORG:OS/OASH,SYS:OASH_COPS"
cerberuscricket-11,"ORG:OS/OASH,SYS:OASH_COPS"
cerberuscricket-12,"SYS:OASH_COPS,ORG:OS/OASH"
cerberuscricket-13,"ORG:OS/OASH,SYS:OASH_COPS"
cerberuscricket-15,"SYS:OASH_COPS,ORG:OS/OASH"
cerberuscricket-16,"SYS:OASH_COPS,ORG:OS/OASH"
cerberuscricket-17,"ORG:OS/OASH,SYS:OASH_COPS"
cerberuscricket-18,"ORG:OS/OASH,SYS:OASH_COPS"
cerberuscricket-19,"ORG:OS/OASH,SYS:OASH_COPS"
cerberuscricket-2,"SYS:OASH_COPS,ORG:OS/OASH"
cerberuscricket-20,"SYS:OASH_COPS,ORG:OS/OASH"
cerberuscricket-21,"ORG:OS/OASH,SYS:OASH_COPS"
cerberuscricket2-2,"SYS:OASH_COPS,ORG:OS/OASH"
cerberuscricket-22,"ORG:OS/OASH,SYS:OASH_COPS"
cerberuscricket2-3,"SYS:OASH_COPS,ORG:OS/OASH"
cerberuscricket2-4,"SYS:OASH_COPS,ORG:OS/OASH"
cerberuscricket2-5,"ORG:OS/OASH,SYS:OASH_COPS"
cerberuscricket2-7,"SYS:OASH_COPS,ORG:OS/OASH"
cerberuscricket2-8,"SYS:OASH_COPS,ORG:OS/OASH"
cerberuscricket-29,"ORG:OS/OASH,SYS:OASH_COPS"
cerberuscricket-30,"SYS:OASH_COPS,ORG:OS/OASH"
cerberuscricket-4,"SYS:OASH_COPS,ORG:OS/OASH"
cerberuscricket-5,"ORG:OS/OASH,SYS:OASH_COPS"
cerberusdanio-1,ORG:NIH:NCIFCRF
cerberusdanio-11,ORG:NIH:NCIFCRF
cerberusdanio-12,ORG:NIH:NCIFCRF
cerberusdanio-13,ORG:NIH:NCIFCRF
cerberusdanio-15,ORG:NIH:NCIFCRF
cerberusdanio-17,ORG:NIH:NCIFCRF
cerberusdanio-18,ORG:NIH:NCIFCRF
cerberusdanio-19,ORG:NIH:NCIFCRF
cerberusdanio-2,ORG:NIH:NCIFCRF
cerberusdanio-20,ORG:NIH:NCIFCRF
cerberusdanio-21,ORG:NIH:NCIFCRF
cerberusdanio-22,ORG:NIH:NCIFCRF
cerberusdanio-23,ORG:NIH:NCIFCRF
cerberusdanio-24,ORG:NIH:NCIFCRF
cerberusdanio-25,ORG:NIH:NCIFCRF
cerberusdanio-26,ORG:NIH:NCIFCRF
cerberusdanio-29,ORG:NIH:NCIFCRF
cerberusdanio-3,ORG:NIH:NCIFCRF
cerberusdanio-30,ORG:NIH:NCIFCRF
cerberusdanio-31,ORG:NIH:NCIFCRF
cerberusdanio-32,ORG:NIH:NCIFCRF
cerberusdanio-33,ORG:NIH:NCIFCRF
cerberusdanio-34,ORG:NIH:NCIFCRF
cerberusdanio-36,ORG:NIH:NCIFCRF
cerberusdanio-37,ORG:NIH:NCIFCRF
cerberusdanio-38,ORG:NIH:NCIFCRF
cerberusdanio-39,ORG:NIH:NCIFCRF
cerberusdanio-4,ORG:NIH:NCIFCRF
cerberusdanio-40,ORG:NIH:NCIFCRF
cerberusdanio-41,ORG:NIH:NCIFCRF
cerberusdanio-42,ORG:NIH:NCIFCRF
cerberusdanio-44,ORG:NIH:NCIFCRF
cerberusdanio-45,ORG:NIH:NCIFCRF
cerberusdanio-47,ORG:NIH:NCIFCRF
cerberusdanio-48,ORG:NIH:NCIFCRF
cerberusdanio-5,ORG:NIH:NCIFCRF
cerberusdanio-50,ORG:NIH:NCIFCRF
cerberusdanio-51,ORG:NIH:NCIFCRF
cerberusdanio-52,ORG:NIH:NCIFCRF
cerberusdanio-54,ORG:NIH:NCIFCRF
cerberusdanio-55,ORG:NIH:NCIFCRF
cerberusdanio-56,ORG:NIH:NCIFCRF
cerberusdanio-57,ORG:NIH:NCIFCRF
cerberusdanio-58,ORG:NIH:NCIFCRF
cerberusdanio-59,ORG:NIH:NCIFCRF
cerberusdanio-6,ORG:NIH:NCIFCRF
cerberusdanio-65,ORG:NIH/NCIFCRF
cerberusdanio-66,ORG:NIH/NCIFCRF
cerberusdanio-7,ORG:NIH:NCIFCRF
cerberusdanio-8,ORG:NIH:NCIFCRF
cerberusdanio-9,ORG:NIH:NCIFCRF
cerberusdragonfly-1,"ORG:HRSA,SYS:HRSA_ICS"
cerberusdragonfly-2,"SYS:HRSA_ICS,ORG:HRSA"
cerberusdragonfly-3,"ORG:HRSA,SYS:HRSA_ICS"
cerberusearthcricket-1,"SYS:TELETRACKING,ORG:OS/OCIO"
cerberusearthcricket-5,"ORG:OS/OCIO,SYS:TELETRACKING"
cerberusearthcricket-6,"ORG:OS/OCIO,SYS:TELETRACKING"
cerberusearthwasp-1,"SYS:CDC_VSAFE,ORG:CDC"
cerberusearthwasp-2,"ORG:CDC,SYS:CDC_VSAFE"
cerberusearthwasp-3,"ORG:CDC,SYS:CDC_VSAFE"
cerberusearthwasp-4,"ORG:CDC,SYS:CDC_VSAFE"
cerberusearwig-3,ORG:AHRQ
cerberusearwig-4,ORG:AHRQ
cerberusfireant-1,"ORG:OS/ASPR/BARDA,SYS:BARDA_MCM"
cerberusfireant-10,"ORG:OS/ASPR/BARDA,SYS:BARDA_MCM"
cerberusfireant-11,"ORG:OS/ASPR/BARDA,SYS:BARDA_MCM"
cerberusfireant-12,"SYS:BARDA_MCM,ORG:OS/ASPR/BARDA"
cerberusfireant-13,"SYS:BARDA_MCM,ORG:OS/ASPR/BARDA"
cerberusfireant-14,"SYS:BARDA_MCM,ORG:OS/ASPR/BARDA"
cerberusfireant-15,"SYS:BARDA_MCM,ORG:OS/ASPR/BARDA"
cerberusfireant-16,"ORG:OS/ASPR/BARDA,SYS:BARDA_MCM"
cerberusfireant-2,"SYS:BARDA_MCM,ORG:OS/ASPR/BARDA"
cerberusfireant-3,"SYS:BARDA_MCM,ORG:OS/ASPR/BARDA"
cerberusfireant-4,"SYS:BARDA_MCM,ORG:OS/ASPR/BARDA"
cerberusfireant-5,"ORG:OS/ASPR/BARDA,SYS:BARDA_MCM"
cerberusfireant-6,"ORG:OS/ASPR/BARDA,SYS:BARDA_MCM"
cerberusfireant-8,"ORG:OS/ASPR/BARDA,SYS:BARDA_MCM"
cerberusfireant-9,"ORG:OS/ASPR/BARDA,SYS:BARDA_MCM"
cerberusfirebee-1,"ORG:OS/OCIO,SYS:OASP_BIIS-C"
cerberusfirebee-2,"SYS:OASP_BIIS-C,ORG:OS/OCIO"
cerberusfirefly-1,"ORG:CDC,SYS:CDC_eFASP"
cerberusfirefly-2,"SYS:CDC_eFASP,ORG:CDC"
cerberusfirefly-3,"ORG:CDC,SYS:CDC_eFASP"
cerberusflea-1,"ORG:OS/OASH,SYS:OASH_CCP-C"
cerberusflea-12,"ORG:OS/OASH,SYS:OASH_CCP-C"
cerberusflea-13,"ORG:OS/OASH,SYS:OASH_CCP-C"
cerberusflea-14,"SYS:OASH_CCP-C,ORG:OS/OASH"
cerberusflea-19,"ORG:OS/OASH,SYS:OASH_CCP-C"
cerberusflea-2,"ORG:OS/OASH,SYS:OASH_CCP-C"
cerberusflea-20,"SYS:OASH_CCP-C,ORG:OS/OASH"
cerberusflea-24,"SYS:OASH_CCP-C,ORG:OS/OASH"
cerberusflea-26,"SYS:OASH_CCP-C,ORG:OS/OASH"
cerberusflea-28,"ORG:OS/OASH,SYS:OASH_CCP-C"
cerberusflea-30,"SYS:OASH_CCP-C,ORG:OS/OASH"
cerberusflea-32,"ORG:OS/OASH,SYS:OASH_CCP-C"
cerberusflea-4,"SYS:OASH_CCP-C,ORG:OS/OASH"
cerberusflea-6,"SYS:OASH_CCP-C,ORG:OS/OASH"
cerberusflea-7,"SYS:OASH_CCP-C,ORG:OS/OASH"
cerberusfly-2,"ORG:CMS,SYS:CMS_BLUEBUTTON"
cerberusfly2-1,"SYS:CMS_BLUEBUTTON,ORG:CMS"
cerberusfly-3,"SYS:CMS_BLUEBUTTON,ORG:CMS"
cerberusfly-4,"SYS:CMS_BLUEBUTTON,ORG:CMS"
cerberusflyant-1,ORG:HRSA
cerberusflybee-1,ORG:NIH/NIDDK
cerberusflybee-12,ORG:NIH/NIDDK
cerberusflybee-13,ORG:NIH/NIDDK
cerberusflybee-14,ORG:NIH/NIDDK
cerberusflybee-15,ORG:NIH/NIDDK
cerberusflybee-16,ORG:NIH/NIDDK
cerberusflybee-17,ORG:NIH/NIDDK
cerberusflybee-18,ORG:NIH/NIDDK
cerberusflybee-2,ORG:NIH/NIDDK
cerberusflybee-3,ORG:NIH/NIDDK
cerberusflybee-5,ORG:NIH/NIDDK
cerberusflybee-6,ORG:NIH/NIDDK
cerberusflybee-7,ORG:NIH/NIDDK
cerberusflybee-8,ORG:NIH/NIDDK
cerberusflybee-9,ORG:NIH/NIDDK
cerberusflybug-1,ORG:NIH/NIAAA
cerberusflybug-2,ORG:NIH/NIAAA
cerberusflyfly-1,ORG:NIH/NEI
cerberusflyfly-10,ORG:NIH/NEI
cerberusflyfly-11,ORG:NIH/NEI
cerberusflyfly-12,ORG:NIH/NEI
cerberusflyfly-13,ORG:NIH/NEI
cerberusflyfly-14,ORG:NIH/NEI
cerberusflyfly-15,ORG:NIH/NEI
cerberusflyfly-16,ORG:NIH/NEI
cerberusflyfly-17,ORG:NIH/NEI
cerberusflyfly-18,ORG:NIH/NEI
cerberusflyfly-19,ORG:NIH/NEI
cerberusflyfly-20,ORG:NIH/NEI
cerberusflyfly-21,ORG:NIH/NEI
cerberusflyfly-4,ORG:NIH/NEI
cerberusflyfly-5,ORG:NIH/NEI
cerberusflyfly-6,ORG:NIH/NEI
cerberusflyfly-9,ORG:NIH/NEI
cerberusgecko-1,ORG:NIH/NHLBI
cerberusgecko-2,ORG:NIH/NHLBI
cerberusgecko-3,ORG:NIH/NHLBI
cerberusgnat-1,"ORG:HRSA,SYS:HRSA_BMISS"
cerberusgoby-1,ORG:NIH/NIEHS
cerberusgoby-10,ORG:NIH/NIEHS
cerberusgoby-11,ORG:NIH/NIEHS
cerberusgoby-12,ORG:NIH/NIEHS
cerberusgoby-13,ORG:NIH/NIEHS
cerberusgoby-14,ORG:NIH/NIEHS
cerberusgoby-15,ORG:NIH/NIEHS
cerberusgoby-16,ORG:NIH/NIEHS
cerberusgoby-17,ORG:NIH/NIEHS
cerberusgoby-19,ORG:NIH/NIEHS
cerberusgoby-2,ORG:NIH/NIEHS
cerberusgoby-20,ORG:NIH/NIEHS
cerberusgoby-22,ORG:NIH/NIEHS
cerberusgoby-23,ORG:NIH/NIEHS
cerberusgoby-24,ORG:NIH/NIEHS
cerberusgoby-25,ORG:NIH/NIEHS
cerberusgoby-26,ORG:NIH/NIEHS
cerberusgoby-27,ORG:NIH/NIEHS
cerberusgoby-28,ORG:NIH/NIEHS
cerberusgoby-29,ORG:NIH/NIEHS
cerberusgoby-3,ORG:NIH/NIEHS
cerberusgoby-30,ORG:NIH/NIEHS
cerberusgoby-31,ORG:NIH/NIEHS
cerberusgoby-32,ORG:NIH/NIEHS
cerberusgoby-33,ORG:NIH/NIEHS
cerberusgoby-34,ORG:NIH/NIEHS
cerberusgoby-35,ORG:NIH/NIEHS
cerberusgoby-36,ORG:NIH/NIEHS
cerberusgoby-37,ORG:NIH/NIEHS
cerberusgoby-38,ORG:NIH/NIEHS
cerberusgoby-39,ORG:NIH/NIEHS
cerberusgoby-4,ORG:NIH/NIEHS
cerberusgoby-5,ORG:NIH/NIEHS
cerberusgoby-6,ORG:NIH/NIEHS
cerberusgoby-7,ORG:NIH/NIEHS
cerberusgoby-8,ORG:NIH/NIEHS
cerberusgreenworm-1,"ORG:HRSA,SYS:HRSA_NPDB"
cerberusgreenworm-2,"SYS:HRSA_NPDB,ORG:HRSA"
cerberusgreenworm-3,"ORG:HRSA,SYS:HRSA_NPDB"
cerberusgreenworm-4,"ORG:HRSA,SYS:HRSA_NPDB"
cerberusgreenworm-5,"SYS:HRSA_NPDB,ORG:HRSA"
cerberusgreenworm-6,"SYS:HRSA_NPDB,ORG:HRSA"
cerberusgreenworm-7,"ORG:HRSA,SYS:HRSA_NPDB"
cerberusgreenworm-8,"SYS:HRSA_NPDB,ORG:HRSA"
cerberusgreenworm-9,"ORG:HRSA,SYS:HRSA_NPDB"
cerberusgrub-1,"ORG:ACF,SYS:NYTD.ACF.hhs.gov"
cerberusgrub-10,"SYS:ACF_ExtranetCLS,ORG:ACF"
cerberusgrub-11,"ORG:ACF,SYS:ACF_ExtranetCLS"
cerberusgrub-12,"ORG:ACF,SYS:ACF_ExtranetCLS"
cerberusgrub-13,"ORG:ACF,SYS:ACF_ExtranetCLS"
cerberusgrub-14,"SYS:ACF_ExtranetCLS,ORG:ACF"
cerberusgrub-15,"ORG:ACF,SYS:ACF_ExtranetCLS"
cerberusgrub-16,"SYS:NYTD.ACF.hhs.gov,ORG:ACF"
cerberusgrub-17,"ORG:ACF,SYS:NYTD.ACF.hhs.gov"
cerberusgrub-18,"SYS:NYTD.ACF.hhs.gov,ORG:ACF"
cerberusgrub-19,"SYS:ACF_ExtranetCLS,ORG:ACF"
cerberusgrub-2,"SYS:ACF_ExtranetCLS,ORG:ACF"
cerberusgrub-20,"ORG:ACF,SYS:ACF_ExtranetCLS"
cerberusgrub-21,"ORG:ACF,SYS:ACF_ExtranetCLS"
cerberusgrub-22,"SYS:ACF_ExtranetCLS,SYS:ACF_Extranet,ORG:ACF"
cerberusgrub-23,"ORG:ACF,SYS:ACF_ExtranetCLS"
cerberusgrub-24,"SYS:ACF_ExtranetCLS,SYS:ACF_Extranet,ORG:ACF"
cerberusgrub-25,"SYS:ACF_ExtranetCLS,SYS:ACF_Extranet,ORG:ACF"
cerberusgrub-26,"SYS:ACF_ExtranetCLS,ORG:ACF"
cerberusgrub-27,"SYS:ACF_ExtranetCLS,ORG:ACF"
cerberusgrub-28,"ORG:ACF,SYS:ACF_Extranet,SYS:ACF_ExtranetCLS"
cerberusgrub-29,"ORG:ACF,SYS:ACF_Extranet"
cerberusgrub-3,"ORG:ACF,SYS:NYTD.ACF.hhs.gov"
cerberusgrub-30,"ORG:ACF,SYS:ACF_ExtranetCLS"
cerberusgrub-31,"SYS:ACF_ExtranetCLS,ORG:ACF"
cerberusgrub-32,"ORG:ACF,SYS:ACF_ExtranetCLS"
cerberusgrub-33,"SYS:ACF_ExtranetCLS,ORG:ACF"
cerberusgrub-34,"SYS:ACF_ExtranetCLS,ORG:ACF"
cerberusgrub-35,"SYS:ACF_ExtranetCLS,ORG:ACF"
cerberusgrub-36,"SYS:ACF_ExtranetCLS,ORG:ACF"
cerberusgrub-37,"SYS:ACF_ExtranetCLS,ORG:ACF"
cerberusgrub-38,"ORG:ACF,SYS:ACF_Extranet"
cerberusgrub-39,"ORG:ACF,SYS:ACF_Extranet"
cerberusgrub-4,"SYS:NYTD.ACF.hhs.gov,ORG:ACF"
cerberusgrub-40,"ORG:ACF,SYS:ACF_Extranet"
cerberusgrub-41,"SYS:ACF_Extranet,ORG:ACF"
cerberusgrub-42,"SYS:ACF_Extranet,ORG:ACF"
cerberusgrub-43,"ORG:ACF,SYS:ACF_Extranet"
cerberusgrub-44,"ORG:ACF,SYS:ACF_Extranet"
cerberusgrub-45,"ORG:ACF,SYS:ACF_Extranet"
cerberusgrub-46,"SYS:ACF_ExtranetCLS,ORG:ACF"
cerberusgrub-47,"SYS:ACF_Extranet,ORG:ACF"
cerberusgrub-5,"ORG:ACF,SYS:ACF_ExtranetCLS"
cerberusgrub-6,"SYS:ACF_ExtranetCLS,ORG:ACF"
cerberusgrub-7,"SYS:ACF_ExtranetCLS,ORG:ACF"
cerberusgrub-8,"ORG:ACF,SYS:NYTD.ACF.hhs.gov"
cerberusgrub-9,"SYS:ACF_ExtranetCLS,ORG:ACF"
cerberushail-2,"SYS:SAMHSA_HOSTS,ORG:SAMHSA"
cerberushail-3,"SYS:SAMHSA_HOSTS,ORG:SAMHSA"
cerberushail-4,"SYS:SAMHSA_HOSTS,ORG:SAMHSA"
cerberushawkbug-1,ORG:NIH/NIMHD
cerberushawkbug-2,ORG:NIH/NIMHD
cerberushawkbug-4,ORG:NIH/NIMHD
cerberushawkbug-6,ORG:NIH/NIMHD
cerberushornet-1,"ORG:OS/OCIO,SYS:OCIO_AMS"
cerberushornet-6,"ORG:OS/OCIO,SYS:OCIO_AMS"
cerberushorsefly-10,"SYS:CDC_BAS,ORG:CDC"
cerberushorsefly-11,"ORG:CDC,SYS:CDC_BAS"
cerberushorsefly-12,"SYS:CDC_BAS,ORG:CDC"
cerberushorsefly-13,"ORG:CDC,SYS:CDC_BAS"
cerberushorsefly-14,"ORG:CDC,SYS:CDC_BAS"
cerberushorsefly-15,"ORG:CDC,SYS:CDC_BAS"
cerberushorsefly-18,"SYS:CDC_BAS,ORG:CDC"
cerberushorsefly-3,"SYS:CDC_BAS,ORG:CDC"
cerberushorsefly-5,"SYS:CDC_BAS,ORG:CDC"
cerberushorsefly-8,"ORG:CDC,SYS:CDC_BAS"
cerberushoth-10,ORG:NIH/OD
cerberushoth-11,ORG:NIH/OD
cerberushoth-12,ORG:NIH/OD
cerberushoth-13,ORG:NIH/OD
cerberushoth-14,ORG:NIH/OD
cerberushoth-15,ORG:NIH/OD
cerberushoth-16,ORG:NIH/OD
cerberushoth-18,ORG:NIH/OD
cerberushoth-19,ORG:NIH/OD
cerberushoth-2,ORG:NIH/OD
cerberushoth-22,ORG:NIH/OD
cerberushoth-25,ORG:NIH/OD
cerberushoth-26,ORG:NIH/OD
cerberushoth-3,ORG:NIH/OD
cerberushoth-5,ORG:NIH/OD
cerberushoth-6,ORG:NIH/OD
cerberushoth-7,ORG:NIH/OD
cerberushoth-8,ORG:NIH/OD
cerberuslacewing-1,"SYS:CDC_EPI-X,ORG:CDC"
cerberuslacewing-10,"ORG:CDC,SYS:CDC_EPI-X"
cerberuslacewing-11,"SYS:CDC_EPI-X,ORG:CDC"
cerberuslacewing-12,"SYS:CDC_EPI-X,ORG:CDC"
cerberuslacewing-13,"ORG:CDC,SYS:CDC_EPI-X"
cerberuslacewing-2,"SYS:CDC_EPI-X,ORG:CDC"
cerberuslacewing-3,"SYS:CDC_EPI-X,ORG:CDC"
cerberuslacewing-4,"SYS:CDC_EPI-X,ORG:CDC"
cerberuslacewing-5,"ORG:CDC,SYS:CDC_EPI-X"
cerberuslacewing-6,"ORG:CDC,SYS:CDC_EPI-X"
cerberuslacewing-7,"SYS:CDC_EPI-X,ORG:CDC"
cerberuslacewing-8,"SYS:CDC_EPI-X,ORG:CDC"
cerberuslacewing-9,"ORG:CDC,SYS:CDC_EPI-X"
cerberusleafcutter-1,"SYS:OASH_OPA,ORG:OS/OASH"
cerberusleafcutter-2,"SYS:OASH_OPA,ORG:OS/OASH"
cerberusleafcutter-3,"SYS:OASH_OPA,ORG:OS/OASH"
cerberusleafcutter-4,"ORG:OS/OASH,SYS:OASH_OPA"
cerberusleech-1,ORG:NIH/NIAMS
cerberuslice-1,ORG:NIH/OD
cerberuslice-10,ORG:NIH/OD
cerberuslice-11,ORG:NIH/OD
cerberuslice-12,ORG:NIH/OD
cerberuslice-2,ORG:NIH/OD
cerberuslice-3,ORG:NIH/OD
cerberuslice-4,ORG:NIH/OD
cerberuslice-5,ORG:NIH/OD
cerberuslice-6,ORG:NIH/OD
cerberuslice-7,ORG:NIH/OD
cerberuslizard-001-1,ORG:NIH/NINDS
cerberuslizard-001-2,ORG:NIH/NINDS
cerberuslizard-001-3,ORG:NIH/NINDS
cerberuslizard-11,ORG:NIH/NINDS
cerberuslizard-14,ORG:NIH/NINDS
cerberuslizard-15,ORG:NIH/NINDS
cerberuslizard-16,ORG:NIH/NINDS
cerberuslizard-19,ORG:NIH/NINDS
cerberuslizard-20,ORG:NIH/NINDS
cerberuslizard-22,ORG:NIH/NINDS
cerberuslizard-23,ORG:NIH/NINDS
cerberuslizard-24,ORG:NIH/NINDS
cerberuslizard-25,ORG:NIH/NINDS
cerberuslizard-26,ORG:NIH/NINDS
cerberuslizard-27,ORG:NIH/NINDS
cerberuslizard-28,ORG:NIH/NINDS
cerberuslizard-29,ORG:NIH/NINDS
cerberuslizard-30,ORG:NIH/NINDS
cerberuslizard-31,ORG:NIH/NINDS
cerberuslizard-32,ORG:NIH/NINDS
cerberuslizard-34,ORG:NIH/NINDS
cerberuslizard-35,ORG:NIH/NINDS
cerberuslizard-36,ORG:NIH/NINDS
cerberuslizard-37,ORG:NIH/NINDS
cerberuslizard-38,ORG:NIH/NINDS
cerberuslizard-39,ORG:NIH/NINDS
cerberuslizard-4,ORG:NIH/NINDS
cerberuslizard-40,ORG:NIH/NINDS
cerberuslizard-41,ORG:NIH/NINDS
cerberuslizard-42,ORG:NIH/NINDS
cerberuslizard-43,ORG:NIH/NINDS
cerberuslizard-44,ORG:NIH/NINDS
cerberuslizard-45,ORG:NIH/NINDS
cerberuslizard-46,ORG:NIH/NINDS
cerberuslizard-47,ORG:NIH/NINDS
cerberuslizard-48,ORG:NIH/NINDS
cerberuslizard-49,ORG:NIH/NINDS
cerberuslizard-5,ORG:NIH/NINDS
cerberuslizard-50,ORG:NIH/NINDS
cerberuslizard-52,ORG:NIH/NINDS
cerberuslizard-53,ORG:NIH/NINDS
cerberuslizard-54,ORG:NIH/NINDS
cerberuslizard-55,ORG:NIH/NINDS
cerberuslizard-56,ORG:NIH/NINDS
cerberuslizard-57,ORG:NIH/NINDS
cerberuslizard-58,ORG:NIH/NINDS
cerberuslizard-59,ORG:NIH/NINDS
cerberuslizard-6,ORG:NIH/NINDS
cerberuslizard-60,ORG:NIH/NINDS
cerberuslizard-61,ORG:NIH/NINDS
cerberuslizard-62,ORG:NIH/NINDS
cerberuslizard-63,ORG:NIH/NINDS
cerberuslizard-7,ORG:NIH/NINDS
cerberuslizard-8,ORG:NIH/NINDS
cerberuslizard-9,ORG:NIH/NINDS
cerberusloach-1,ORG:HRSA
cerberusloach-2,"SYS:HRSA_EHB,ORG:HRSA"
cerberusloach-3,"SYS:HRSA_EHB,ORG:HRSA"
cerberusloach-4,"ORG:HRSA,SYS:HRSA_EHB"
cerberusloach-5,"ORG:HRSA,SYS:HRSA_EHB"
cerberuslocust-1,ORG:OS/OCIO
cerberuslocust-2,ORG:OS/OCIO
cerberuslocust-3,ORG:OS/OCIO
cerberuslocust-4,ORG:OS/OCIO
cerberuslocust-6,ORG:OS/OCIO
cerberuslocust-7,ORG:OS/OCIO
cerberuslouse-1,"SYS:SRP,ORG:CDC"
cerberusmaggot-1,ORG:CDC
cerberusmaggot-10,ORG:CDC
cerberusmaggot-11,ORG:CDC
cerberusmaggot-12,ORG:CDC
cerberusmaggot-13,ORG:CDC
cerberusmaggot-14,ORG:CDC
cerberusmaggot-15,ORG:CDC
cerberusmaggot-17,ORG:CDC
cerberusmaggot-2,ORG:CDC
cerberusmaggot-20,ORG:CDC
cerberusmaggot-21,ORG:CDC
cerberusmaggot-22,ORG:CDC
cerberusmaggot-23,ORG:CDC
cerberusmaggot-25,ORG:CDC
cerberusmaggot-26,ORG:CDC
cerberusmaggot-27,ORG:CDC
cerberusmaggot-28,ORG:CDC
cerberusmaggot-29,ORG:CDC
cerberusmaggot-3,ORG:CDC
cerberusmaggot-30,ORG:CDC
cerberusmaggot-31,ORG:CDC
cerberusmaggot-32,ORG:CDC
cerberusmaggot-33,ORG:CDC
cerberusmaggot-35,ORG:CDC
cerberusmaggot-36,ORG:CDC
cerberusmaggot-37,ORG:CDC
cerberusmaggot-4,ORG:CDC
cerberusmaggot-40,ORG:CDC
cerberusmaggot-41,ORG:CDC
cerberusmaggot-42,ORG:CDC
cerberusmaggot-43,ORG:CDC
cerberusmaggot-44,"ORG:CDC,SYS:VDP"
cerberusmaggot-45,ORG:CDC
cerberusmaggot-47,ORG:CDC
cerberusmaggot-48,ORG:CDC
cerberusmaggot-5,ORG:CDC
cerberusmaggot-6,ORG:CDC
cerberusmaggot-7,ORG:CDC
cerberusmaggot-8,ORG:CDC
cerberusmaggot-9,ORG:CDC
cerberusmamoth-1,ORG:OS/ONC
cerberusmamoth-10,ORG:OS/ONC
cerberusmamoth-11,ORG:OS/ONC
cerberusmamoth-13,ORG:OS/ONC
cerberusmamoth-14,ORG:OS/ONC
cerberusmamoth-15,ORG:OS/ONC
cerberusmamoth-16,ORG:OS/ONC
cerberusmamoth-17,ORG:OS/ONC
cerberusmamoth-18,ORG:OS/ONC
cerberusmamoth-19,ORG:OS/ONC
cerberusmamoth-2,ORG:OS/ONC
cerberusmamoth-20,ORG:OS/ONC
cerberusmamoth-21,ORG:OS/ONC
cerberusmamoth-22,ORG:OS/ONC
cerberusmamoth-23,ORG:OS/ONC
cerberusmamoth-24,ORG:OS/ONC
cerberusmamoth-25,ORG:OS/ONC
cerberusmamoth-26,ORG:OS/ONC
cerberusmamoth-27,ORG:OS/ONC
cerberusmamoth-29,ORG:OS/ONC
cerberusmamoth-3,ORG:OS/ONC
cerberusmamoth-30,ORG:OS/ONC
cerberusmamoth-31,ORG:OS/ONC
cerberusmamoth-32,ORG:OS/ONC
cerberusmamoth-33,ORG:OS/ONC
cerberusmamoth-35,ORG:OS/ONC
cerberusmamoth-36,ORG:OS/ONC
cerberusmamoth-4,ORG:OS/ONC
cerberusmamoth-6,ORG:OS/ONC
cerberusmamoth-7,ORG:OS/ONC
cerberusmamoth-8,ORG:OS/ONC
cerberusmamoth-9,ORG:OS/ONC
cerberusmantis-2,"ORG:CMS,SYS:CMS_MYMEDICARE"
cerberusmantis-3,"ORG:CMS,SYS:CMS_MYMEDICARE"
cerberusmantodea-1,ORG:NIH/NCATS
cerberusmantodea-11,ORG:NIH/NCATS
cerberusmantodea-12,ORG:NIH/NCATS
cerberusmantodea-13,ORG:NIH/NCATS
cerberusmantodea-14,ORG:NIH/NCATS
cerberusmantodea-15,ORG:NIH/NCATS
cerberusmantodea-16,ORG:NIH/NCATS
cerberusmantodea-17,ORG:NIH/NCATS
cerberusmantodea-18,ORG:NIH/NCATS
cerberusmantodea-2,ORG:NIH/NCATS
cerberusmantodea-20,ORG:NIH/NCATS
cerberusmantodea-21,ORG:NIH/NCATS
cerberusmantodea-22,ORG:NIH/NCATS
cerberusmantodea-23,ORG:NIH/NCATS
cerberusmantodea-24,ORG:NIH/NCATS
cerberusmantodea-25,ORG:NIH/NCATS
cerberusmantodea-26,ORG:NIH/NCATS
cerberusmantodea-27,ORG:NIH/NCATS
cerberusmantodea-3,ORG:NIH/NCATS
cerberusmantodea-4,ORG:NIH/NCATS
cerberusmantodea-5,ORG:NIH/NCATS
cerberusmantodea-6,ORG:NIH/NCATS
cerberusmantodea-7,ORG:NIH/NCATS
cerberusmantodea-9,ORG:NIH/NCATS
cerberusmayfly-11,"SYS:HRSA_EHB,ORG:HRSA"
cerberusmayfly-12,"SYS:HRSA_EHB,ORG:HRSA"
cerberusmayfly-13,"ORG:HRSA,SYS:HRSA_EHB"
cerberusmayfly-15,"ORG:HRSA,SYS:HRSA_EHB"
cerberusmayfly-16,"SYS:HRSA_EHB,ORG:HRSA"
cerberusmayfly-19,"SYS:HRSA_EHB,ORG:HRSA"
cerberusmayfly-20,"SYS:HRSA_EHB,ORG:HRSA"
cerberusmayfly-21,"ORG:HRSA,SYS:HRSA_EHB"
cerberusmayfly-22,"SYS:HRSA_EHB,ORG:HRSA"
cerberusmayfly-3,"ORG:HRSA,SYS:HRSA_EHB"
cerberusmayfly-4,"ORG:HRSA,SYS:HRSA_EHB"
cerberusmayfly-5,"ORG:HRSA,SYS:HRSA_EHB"
cerberusmayfly-6,"SYS:HRSA_EHB,ORG:HRSA"
cerberusmayfly-7,"ORG:HRSA,SYS:HRSA_EHB"
cerberusmayfly-8,"ORG:HRSA,SYS:HRSA_EHB"
cerberusmayfly-9,"ORG:HRSA,SYS:HRSA_EHB"
cerberusmidge-1,"ORG:ACF,SYS:ACF_HEADSTART_ECLKC"
cerberusmidge-10,"ORG:ACF,SYS:ACF_HEADSTART_ECLKC"
cerberusmidge-11,"ORG:ACF,SYS:ACF_HEADSTART_ECLKC"
cerberusmidge-12,"ORG:ACF,SYS:ACF_HEADSTART_ECLKC"
cerberusmidge-13,"SYS:ACF_HEADSTART_ECLKC,ORG:ACF"
cerberusmidge-15,ORG:ACF
cerberusmidge-16,"SYS:ACF_HEADSTART_ECLKC,ORG:ACF"
cerberusmidge-18,ORG:ACF
cerberusmidge-19,ORG:ACF
cerberusmidge-22,ORG:ACF
cerberusmidge-23,ORG:ACF
cerberusmidge-24,"ORG:ACF,SYS:ACF_HEADSTART_ECLKC"
cerberusmidge-4,"ORG:ACF,SYS:ACF_HEADSTART_ECLKC"
cerberusmidge-5,"SYS:ACF_HEADSTART_ECLKC,ORG:ACF"
cerberusmidge-6,"SYS:ACF_HEADSTART_ECLKC,ORG:ACF"
cerberusmidge-7,"ORG:ACF,SYS:ACF_HEADSTART_ECLKC"
cerberusmidge-8,"SYS:ACF_HEADSTART_ECLKC,ORG:ACF"
cerberusmidge-9,"ORG:ACF,SYS:ACF_HEADSTART_ECLKC"
cerberusmosquito-15,"SYS:DCIS.HHS,ORG:OS/ASFR"
cerberusmosquito-21,"SYS:DCIS.HHS,ORG:OS/ASFR"
cerberusmosquito-6,"SYS:DCIS.HHS,ORG:OS/ASFR"
cerberusmosquito-8,"ORG:OS/ASFR,SYS:DCIS.HHS"
cerberusmosquito-9,"ORG:OS/ASFR,SYS:DCIS.HHS"
cerberusmoth-1,"ORG:CMS,SYS:CMS_OKTASNOW"
cerberusmoth-2,"ORG:CMS,SYS:CMS_OKTASNOW"
cerberusmoth-3,"SYS:CMS_OKTASNOW,ORG:CMS"
cerberusmoth-6,"ORG:CMS,SYS:CMS_OKTASNOW"
cerberusmoth-9,"SYS:CMS_OKTASNOW,ORG:CMS"
cerberusmothra-1,ORG:HRSA
cerberusmothra-3,ORG:HRSA
cerberusodonata-1,ORG:NIH/NIMH
cerberusodonata-10,"SYS:NIH/CIT_SITEMINDER,ORG:NIH/CIT"
cerberusodonata-11,"SYS:NIH/CIT_SITEMINDER,ORG:NIH/CIT"
cerberusodonata-12,ORG:NIH/NIMH
cerberusodonata-13,ORG:NIH/NIMH
cerberusodonata-14,ORG:NIH/NIMH
cerberusodonata-15,ORG:NIH/NIMH
cerberusodonata-16,ORG:NIH/NIMH
cerberusodonata-17,ORG:NIH/NIMH
cerberusodonata-19,ORG:NIH/NIMH
cerberusodonata-2,ORG:NIH/NIMH
cerberusodonata-20,ORG:NIH/NIMH
cerberusodonata-21,ORG:NIH/NIMH
cerberusodonata-22,ORG:NIH/NIMH
cerberusodonata-23,ORG:NIH/NIMH
cerberusodonata-24,ORG:NIH/NIMH
cerberusodonata-26,ORG:NIH/NIMH
cerberusodonata-27,ORG:NIH/NIMH
cerberusodonata-28,ORG:NIH/NIMH
cerberusodonata-29,ORG:NIH/NIMH
cerberusodonata-30,ORG:NIH/NIMH
cerberusodonata-31,ORG:NIH/NIMH
cerberusodonata-4,ORG:NIH/NIMH
cerberusodonata-5,ORG:NIH/NIMH
cerberusodonata-6,ORG:NIH/NIMH
cerberusodonata-7,ORG:NIH/NIMH
cerberusodonata-8,ORG:NIH/NIMH
cerberusodonata-9,"ORG:NIH/CIT,SYS:NIH/CIT_SITEMINDER"
cerberusossus-1,ORG:NIH/NCI
cerberuspuli-4,ORG:NIH/NCCIH
cerberuspuli-5,ORG:NIH/NCCIH
cerberusrain-1,"ORG:AHRQ,SYS:AHRQ_NET"
cerberusrain-2,"ORG:AHRQ,SYS:AHRQ_NET"
cerberusrain-3,"ORG:AHRQ,SYS:AHRQ_NET"
cerberusrain-4,"ORG:AHRQ,SYS:AHRQ_NET"
cerberusrain-7,"ORG:AHRQ,SYS:AHRQ_NET"
cerberusredant-1,ORG:NIH/ERA
cerberusredant-10,ORG:NIH/ERA
cerberusredant-11,ORG:NIH/ERA
cerberusredant-12,ORG:NIH/ERA
cerberusredant-15,ORG:NIH/ERA
cerberusredant-2,ORG:NIH/ERA
cerberusredant-4,ORG:NIH/ERA
cerberusredant-5,ORG:NIH/ERA
cerberusredant-7,ORG:NIH/ERA
cerberusredant-8,ORG:NIH/ERA
cerberusredant-9,ORG:NIH/ERA
cerberusredbug-1,ORG:NIH/CC
cerberusredbug-10,ORG:NIH/CC
cerberusredbug-12,ORG:NIH/CC
cerberusredbug-13,ORG:NIH/CC
cerberusredbug-14,ORG:NIH/CC
cerberusredbug-16,ORG:NIH/CC
cerberusredbug-17,ORG:NIH/CC
cerberusredbug-18,ORG:NIH/CC
cerberusredbug-19,ORG:NIH/CC
cerberusredbug-20,"SYS:NIH/CIT_SITEMINDER,ORG:NIH/CIT"
cerberusredbug-23,ORG:NIH/CC
cerberusredbug-24,ORG:NIH/CC
cerberusredbug-25,ORG:NIH/CC
cerberusredbug-28,ORG:NIH/CC
cerberusredbug-29,ORG:NIH/CC
cerberusredbug-30,ORG:NIH/CC
cerberusredbug-31,ORG:NIH/CC
cerberusredbug-32,ORG:NIH/CC
cerberusredbug-33,ORG:NIH/CC
cerberusredbug-34,ORG:NIH/CC
cerberusredbug-35,ORG:NIH/CC
cerberusredbug-36,ORG:NIH/CC
cerberusredbug-37,ORG:NIH/CC
cerberusredbug-38,ORG:NIH/CC
cerberusredbug-39,ORG:NIH/CC
cerberusredbug-4,ORG:NIH/CC
cerberusredbug-42,ORG:NIH/CC
cerberusredbug-43,ORG:NIH/CC
cerberusredbug-44,ORG:NIH/CC
cerberusredbug-45,ORG:NIH/CC
cerberusredbug-46,ORG:NIH/CC
cerberusredbug-47,ORG:NIH/CC
cerberusredbug-48,ORG:NIH/CC
cerberusredbug-49,ORG:NIH/CC
cerberusredbug-50,ORG:NIH/CC
cerberusredbug-51,ORG:NIH/CC
cerberusredbug-52,ORG:NIH/CC
cerberusredbug-53,ORG:NIH/CC
cerberusredbug-54,ORG:NIH/CC
cerberusredbug-56,ORG:NIH/CC
cerberusredbug-58,ORG:NIH/CC
cerberusredbug-59,ORG:NIH/CC
cerberusredbug-6,ORG:NIH/CC
cerberusredbug-60,ORG:NIH/CC
cerberusredbug-62,ORG:NIH/CC
cerberusredbug-64,ORG:NIH/CC
cerberusredbug-65,ORG:NIH/CC
cerberusredbug-66,ORG:NIH/CC
cerberusredbug-69,ORG:NIH/CC
cerberusredbug-7,ORG:NIH/CC
cerberusredbug-70,ORG:NIH/CC
cerberusredwasp-10,ORG:NIH/NIEHS
cerberusredwasp-11,ORG:NIH/NIEHS
cerberusredwasp-12,ORG:NIH/NIEHS
cerberusredwasp-13,ORG:NIH/NIEHS
cerberusredwasp-15,ORG:NIH/NIEHS
cerberusredwasp-16,ORG:NIH/NIEHS
cerberusredwasp-2,ORG:NIH/NIEHS
cerberusredwasp-20,ORG:NIH/NIEHS
cerberusredwasp-22,ORG:NIH/NIEHS
cerberusredwasp-23,ORG:NIH/NIEHS
cerberusredwasp-3,ORG:NIH/NIEHS
cerberusredwasp-4,ORG:NIH/NIEHS
cerberusredwasp-5,ORG:NIH/NIEHS
cerberusredwasp-6,ORG:NIH/NIEHS
cerberusredwasp-8,ORG:NIH/NIEHS
cerberusresponsibledisclosure-1,ORG:ACF
cerberusresponsibledisclosure-10,ORG:CMS
cerberusresponsibledisclosure-2,ORG:OS/OASH
cerberusresponsibledisclosure-3,ORG:CMS
cerberusresponsibledisclosure-4,ORG:OS/OCIO
cerberusresponsibledisclosure-5,ORG:NIH/NLM
cerberusresponsibledisclosure-6,ORG:CMS
cerberusresponsibledisclosure-7,ORG:CMS
cerberusresponsibledisclosure-8,ORG:NIH
cerberusresponsibledisclosure-9,ORG:NIH/OD
cerberusrhino-1,"SYS:ASPR_InCEP,ORG:OS/ASPR"
cerberusroach-1,ORG:NIH/OD
cerberusroach-10,ORG:NIH/OD
cerberusroach-15,ORG:NIH/OD
cerberusroach-16,ORG:NIH/OD
cerberusroach-17,ORG:NIH/OD
cerberusroach-2,ORG:NIH/OD
cerberusroach-3,ORG:NIH/OD
cerberusroach-4,ORG:NIH/OD
cerberusroach-5,ORG:NIH/OD
cerberusroach-6,ORG:NIH/OD
cerberusroach-7,ORG:NIH/OD
cerberusroach-8,ORG:NIH/OD
cerberusroach-9,ORG:NIH/OD
cerberussawfly-1,ORG:NIH/NIA
cerberussawfly-10,ORG:NIH/NIA
cerberussawfly-11,ORG:NIH/NIA
cerberussawfly-13,ORG:NIH/NIA
cerberussawfly-14,ORG:NIH/NIA
cerberussawfly-15,ORG:NIH/NIA
cerberussawfly-16,ORG:NIH/NIA
cerberussawfly-18,ORG:NIH/NIA
cerberussawfly-2,ORG:NIH/NIA
cerberussawfly-20,ORG:NIH/NIA
cerberussawfly-21,ORG:NIH/NIA
cerberussawfly-23,ORG:NIH/NIA
cerberussawfly-24,ORG:NIH/NIA
cerberussawfly-26,ORG:NIH/NIA
cerberussawfly-27,ORG:NIH/NIA
cerberussawfly-28,ORG:NIH/NIA
cerberussawfly-29,ORG:NIH/NIA
cerberussawfly-30,ORG:NIH/NIA
cerberussawfly-31,ORG:NIH/NIA
cerberussawfly-32,ORG:NIH/NIA
cerberussawfly-33,ORG:NIH/NIA
cerberussawfly-34,ORG:NIH/NIA
cerberussawfly-35,ORG:NIH/NIA
cerberussawfly-37,ORG:NIH/NIA
cerberussawfly-38,ORG:NIH/NIA
cerberussawfly-39,ORG:NIH/NIA
cerberussawfly-4,ORG:NIH/NIA
cerberussawfly-40,ORG:NIH/NIA
cerberussawfly-41,ORG:NIH/NIA
cerberussawfly-42,ORG:NIH/NIA
cerberussawfly-43,ORG:NIH/NIA
cerberussawfly-45,ORG:NIH/NIA
cerberussawfly-46,ORG:NIH/NIA
cerberussawfly-47,ORG:NIH/NIA
cerberussawfly-5,ORG:NIH/NIA
cerberussawfly-6,ORG:NIH/NIA
cerberussawfly-7,ORG:NIH/NIA
cerberussawfly-8,ORG:NIH/NIA
cerberusscarab-3,"SYS:HRSA_BMISS,ORG:HRSA"
cerberusscarab-4,"SYS:HRSA_BMISS,ORG:HRSA"
cerberusscarab-5,"ORG:HRSA,SYS:HRSA_BMISS"
cerberusscarab-6,"ORG:HRSA,SYS:HRSA_BMISS"
cerberusscarab-7,"ORG:HRSA,SYS:HRSA_BMISS"
cerberusscarab-8,"SYS:HRSA_BMISS,ORG:HRSA"
cerberusscorpion-10,"SYS:CTO_UNIFI,ORG:OS/CTO"
cerberusscorpion-11,"SYS:CTO_UNIFI,ORG:OS/CTO"
cerberusscorpion-13,"ORG:OS/CTO,SYS:CTO_UNIFI"
cerberusscorpion-2,"ORG:OS/CTO,SYS:CTO_UNIFI"
cerberusscorpion-3,"SYS:CTO_UNIFI,ORG:OS/CTO"
cerberusscorpion-4,"ORG:OS/CTO,SYS:CTO_UNIFI"
cerberusscorpion-9,"SYS:CTO_UNIFI,ORG:OS/CTO"
cerberusshiba-10,ORG:OS/ASPR/BARDA
cerberusshiba-3,ORG:OS/ASPR/BARDA
cerberusshiba-4,ORG:OS/ASPR/BARDA
cerberusshiba-6,ORG:OS/ASPR/BARDA
cerberusshiba-7,ORG:OS/ASPR/BARDA
cerberusshiba-8,ORG:OS/ASPR/BARDA
cerberusshiba-9,ORG:OS/ASPR/BARDA
cerberusslug-1,ORG:ACF
cerberusslug-2,ORG:ACF
cerberusslug-3,ORG:ACF
cerberusslug-4,ORG:ACF
cerberussnail-11,ORG:NIH/NIDCR
cerberussnail-12,ORG:NIH/NIDCR
cerberussnail-13,ORG:NIH/NIDCR
cerberussnail-14,ORG:NIH/NIDCR
cerberussnail-15,ORG:NIH/NIDCR
cerberussnail-16,ORG:NIH/NIDCR
cerberussnail-3,ORG:NIH/NIDCR
cerberussnail-4,ORG:NIH/NIDCR
cerberussnail-5,ORG:NIH/NIDCR
cerberussnail-6,ORG:NIH/NIDCR
cerberussnail-7,ORG:NIH/NIDCR
cerberussnail-8,ORG:NIH/NIDCR
cerberussnakefly-2,"SYS:OASH_USPHS.GOV,ORG:OS/OASH"
cerberussnakefly-3,"ORG:OS/OASH,SYS:OASH_USPHS.GOV"
cerberussnow-1,ORG:OS/PSC
cerberussnow-10,ORG:OS/ASPR
cerberussnow-100,"ORG:OS/DCIO,ORG:OS/PSC"
cerberussnow-101,ORG:OS/OASH
cerberussnow-102,ORG:OS/ASPR
cerberussnow-103,ORG:OS/ASPR
cerberussnow-104,ORG:OS/OASH
cerberussnow-106,"SYS:ACF_Extranet,ORG:ACF"
cerberussnow-107,ORG:OS/ASPR
cerberussnow-108,"SYS:OEM-SIMS,ORG:OS/ASPR"
cerberussnow-109,"SYS:OEM-SIMS,ORG:OS/ASPR"
cerberussnow-11,ORG:OS/ASPR
cerberussnow-110,"SYS:OEM-SIMS,ORG:OS/ASPR"
cerberussnow-111,ORG:OS/ASFR
cerberussnow-113,"ORG:OS/OCIO,SYS:OCIO_ENMS"
cerberussnow-114,ORG:OS/PSC
cerberussnow-115,"SYS:dcp.psc.gov,ORG:OS/OASH"
cerberussnow-119,"SYS:dcp.psc.gov,ORG:OS/OASH"
cerberussnow-12,ORG:OS/ASPR
cerberussnow-120,ORG:OS/OCIO
cerberussnow-121,ORG:ACF
cerberussnow-123,ORG:OS/OASH
cerberussnow-124,ORG:OS/OASH
cerberussnow-125,ORG:OS/OCIO
cerberussnow-126,ORG:ACF
cerberussnow-127,ORG:ACF
cerberussnow-128,ORG:OS/OASH
cerberussnow-129,ORG:ACF
cerberussnow-13,ORG:ACF
cerberussnow-132,ORG:ACF
cerberussnow-138,"ORG:OS/ASFR,ORG:ACF,ORG:OS/PSC"
cerberussnow-139,"ORG:OS/ASPR,SYS:OEM-AVIDS"
cerberussnow-14,"ORG:ACF,SYS:ACF_Extranet"
cerberussnow-140,"SYS:EPC-SRCTEST,ORG:AHRQ"
cerberussnow-141,"SYS:STAGESKYWALKER,ORG:ACL"
cerberussnow-142,"SYS:OS_STAGEINTRANET,ORG:ACL"
cerberussnow-143,"SYS:healthypeople.gov,ORG:OS/OASH"
cerberussnow-146,"SYS:ASPR_SOLUTIONKIT,ORG:OS/ASPR"
cerberussnow-147,"ORG:ACF,SYS:ACF_Extranet"
cerberussnow-148,"SYS:OEM-SIMS,ORG:OS/ASPR"
cerberussnow-149,"SYS:dcp.psc.gov,ORG:OS/OASH"
cerberussnow-15,"SYS:ACF_Extranet,ORG:ACF"
cerberussnow-151,"SYS:ACF_Extranet,ORG:ACF"
cerberussnow-152,"ORG:ACL,SYS:ACL_Eldercare.acl.gov"
cerberussnow-153,"SYS:ACL_Eldercare.acl.gov,ORG:ACL"
cerberussnow-155,"ORG:AHRQ,SYS:list.ahrq.gov"
cerberussnow-156,"SYS:OEM-SIMS,ORG:OS/ASPR"
cerberussnow-157,"ORG:OS/ASPR,SYS:OEM-SIMS"
cerberussnow-159,"SYS:dcp.psc.gov,ORG:OS/OASH"
cerberussnow-160,"ORG:ACL,SYS:ACL_Eldercare.acl.gov"
cerberussnow-161,"ORG:ACF,SYS:ACF_Rhymis App"
cerberussnow-162,"SYS:OEM-SIMS,ORG:OS/ASPR"
cerberussnow-163,"SYS:OEM-SIMS,ORG:OS/ASPR"
cerberussnow-164,"ORG:OS/ASPR,SYS:OEM-SIMS"
cerberussnow-168,"SYS:ACF_Rhymis App,ORG:ACF"
cerberussnow-169,"SYS:OEM-SIMS,ORG:OS/ASPR"
cerberussnow-172,"ORG:OS/ASPR,SYS:OEM-TI"
cerberussnow-174,"SYS:ACL_agingstats,ORG:ACL"
cerberussnow-175,"ORG:OS/ASPR,SYS:OEM-TI"
cerberussnow-177,"SYS:ACF_Extranet,ORG:ACF"
cerberussnow-178,"SYS:ACF_Extranet,ORG:ACF"
cerberussnow-179,"ORG:ACF,SYS:ACF_Extranet"
cerberussnow-18,ORG:OS/ASPR
cerberussnow-180,"ORG:ACF,SYS:ACF_Extranet"
cerberussnow-181,"SYS:ACF_Extranet,ORG:ACF"
cerberussnow-182,"ORG:ACF,SYS:ACF_Extranet"
cerberussnow-183,"ORG:ACF,SYS:ACF_Extranet"
cerberussnow-184,"ORG:ACF,SYS:ACF_Extranet"
cerberussnow-185,"SYS:ACF_Extranet,ORG:ACF"
cerberussnow-186,"ORG:ACF,SYS:ACF_Extranet"
cerberussnow-187,"ORG:ACF,SYS:ACF_Extranet"
cerberussnow-188,"SYS:ACF_Extranet,ORG:ACF"
cerberussnow-19,"SYS:ACF_Extranet,ORG:ACF"
cerberussnow-190,"SYS:ACF_Extranet,ORG:ACF"
cerberussnow-191,"ORG:ACF,SYS:ACF_WWWAPP"
cerberussnow-192,"ORG:ACF,SYS:ACF_Extranet"
cerberussnow-195,"SYS:dcp.psc.gov,ORG:OS/OASH"
cerberussnow-196,"ORG:ACF,SYS:ACF_Extranet"
cerberussnow-197,"ORG:ACF,SYS:ACF_Extranet"
cerberussnow-2,"ORG:ACF,SYS:ACF_Extranet"
cerberussnow-200,"SYS:ACF_Extranet,ORG:ACF"
cerberussnow-204,"SYS:ACF_Extranet,ORG:ACF"
cerberussnow-21,ORG:OS/ASPR
cerberussnow-212,"ORG:ACF,SYS:STAGING.ACF"
cerberussnow-213,"SYS:STAGING.ACF,ORG:ACF"
cerberussnow-214,"SYS:STAGING.ACF,ORG:ACF"
cerberussnow-215,"SYS:STAGING.ACF,ORG:ACF"
cerberussnow-216,"SYS:STAGING.ACF,ORG:ACF"
cerberussnow-217,"ORG:ACF,SYS:STAGING.ACF"
cerberussnow-218,"SYS:STAGING.ACF,ORG:ACF"
cerberussnow-219,"SYS:STAGING.ACF,ORG:ACF"
cerberussnow-220,"SYS:ACF_Extranet,ORG:ACF"
cerberussnow-221,"ORG:ACF,SYS:STAGING.ACF"
cerberussnow-222,"ORG:ACL,SYS:ACL_Eldercare.acl.gov"
cerberussnow-224,"ORG:ACF,SYS:ACF_Extranet"
cerberussnow-225,"SYS:ACF_Extranet,ORG:ACF"
cerberussnow-226,"ORG:ACF,SYS:STAGING.ACF"
cerberussnow-227,"ORG:ACF,SYS:ACF_Extranet"
cerberussnow-228,"SYS:ACF_Extranet,ORG:ACF"
cerberussnow-23,"SYS:OEM-TI,ORG:OS/ASPR"
cerberussnow-230,"SYS:list.ahrq.gov,ORG:AHRQ"
cerberussnow-231,"ORG:OS/ASPR,SYS:OEM-TI"
cerberussnow-233,"SYS:list.ahrq.gov,ORG:AHRQ"
cerberussnow-234,"SYS:ACF_Extranet,ORG:ACF"
cerberussnow-235,"ORG:ACF,SYS:STAGING.ACF"
cerberussnow-236,"SYS:STAGING.ACF,ORG:ACF"
cerberussnow-238,"SYS:ACF_Extranet,ORG:ACF"
cerberussnow-241,"SYS:ACF_Extranet,ORG:ACF"
cerberussnow-242,"SYS:ACF_Extranet,ORG:ACF"
cerberussnow-243,"ORG:ACL,SYS:ACL_Eldercare.acl.gov"
cerberussnow-244,"ORG:ACF,SYS:ACF_Extranet"
cerberussnow-246,"SYS:ACF_Extranet,ORG:ACF"
cerberussnow-247,"ORG:ACL,SYS:ACL_Eldercare.acl.gov"
cerberussnow-248,"ORG:OS/PSC,SYS:FOH_FCS"
cerberussnow-249,"SYS:FOH_FCS,ORG:OS/PSC"
cerberussnow-25,ORG:ACF
cerberussnow-250,"SYS:dcp.psc.gov,ORG:OS/OASH"
cerberussnow-251,"ORG:OS/OASH,SYS:dcp.psc.gov"
cerberussnow-252,"ORG:OS/OASH,SYS:dcp.psc.gov"
cerberussnow-253,"SYS:OEM-TI,ORG:OS/ASPR"
cerberussnow-254,"SYS:dcp.psc.gov,ORG:OS/OASH"
cerberussnow-255,"ORG:OS/PSC,SYS:dcp.psc.gov"
cerberussnow-261,"SYS:DCIO_EMailSystem,ORG:OS/DCIO"
cerberussnow-262,"ORG:OS/ASPR,SYS:OEM-SIMS"
cerberussnow-263,"SYS:OEM-SIMS,ORG:OS/ASPR"
cerberussnow-264,"ORG:AHRQ,SYS:list.ahrq.gov"
cerberussnow-265,"SYS:list.ahrq.gov,ORG:AHRQ"
cerberussnow-266,"ORG:AHRQ,SYS:list.ahrq.gov"
cerberussnow-27,ORG:ACL
cerberussnow-270,"ORG:OS/ASPR,SYS:OEM-SIMS"
cerberussnow-271,"ORG:HRSA,SYS:HRSA_NPDB"
cerberussnow-274,"SYS:HRSA_NPDB,ORG:HRSA"
cerberussnow-275,"ORG:OS/OASH,SYS:OASH_USPHS.GOV"
cerberussnow-276,"ORG:OS/OASH,SYS:OASH_USPHS.GOV"
cerberussnow-277,"ORG:OS/ASPR,SYS:OEM-SIMS"
cerberussnow-278,"SYS:OEM-SIMS,ORG:OS/ASPR"
cerberussnow-28,"ORG:ACF,SYS:ACF_Extranet"
cerberussnow-29,ORG:OS/ASPR
cerberussnow-3,ORG:OS/PSC
cerberussnow-30,"ORG:OS/OCIO,SYS:DIRECTORY.PSC"
cerberussnow-31,"ORG:OS/ASPR,SYS:OEM-TI"
cerberussnow-32,ORG:AHRQ
cerberussnow-33,"ORG:ACF,SYS:ACF_Extranet"
cerberussnow-34,ORG:OS/ASPR
cerberussnow-36,ORG:OS/PSC
cerberussnow-37,ORG:OS/PSC
cerberussnow-38,ORG:OS/PSC
cerberussnow-39,"ORG:OS/ASPR,SYS:HHSCAP.HHS.GOV"
cerberussnow-4,"SYS:ACF_Extranet,ORG:ACF"
cerberussnow-40,"ORG:ACF,SYS:ACF_Extranet"
cerberussnow-41,"SYS:ACF_Extranet,ORG:ACF"
cerberussnow-42,ORG:OS/ASPR
cerberussnow-43,"ORG:ACF,SYS:ACF_Rhymis App"
cerberussnow-45,ORG:OS/ASPR
cerberussnow-46,ORG:OS/PSC
cerberussnow-47,ORG:ACL
cerberussnow-48,ORG:ACL
cerberussnow-49,ORG:OS/PSC
cerberussnow-5,"SYS:ACF_Extranet,ORG:ACF"
cerberussnow-50,ORG:OS/PSC
cerberussnow-51,"ORG:ACF,SYS:ACF_Extranet"
cerberussnow-53,ORG:ACL
cerberussnow-54,ORG:ACL
cerberussnow-57,ORG:AHRQ
cerberussnow-58,ORG:OS/PSC
cerberussnow-6,"SYS:SSCMAIL.PSC,ORG:OS/OCIO"
cerberussnow-60,ORG:OS/PSC
cerberussnow-62,ORG:OS/PSC
cerberussnow-63,ORG:OS/PSC
cerberussnow-64,ORG:ACL
cerberussnow-65,ORG:OS/ODPHP
cerberussnow-66,ORG:OS/ODPHP
cerberussnow-67,ORG:OS/ODPHP
cerberussnow-68,ORG:OS/ASPR
cerberussnow-69,ORG:ACL
cerberussnow-7,"SYS:ACF_Extranet,ORG:ACF"
cerberussnow-70,ORG:OS/PSC
cerberussnow-73,ORG:OS/ASPR
cerberussnow-74,ORG:OS/PSC
cerberussnow-76,ORG:AHRQ
cerberussnow-80,"ORG:ACF,SYS:ACF_Extranet"
cerberussnow-84,ORG:OS/ASPR
cerberussnow-85,"SYS:ASPR_ESAR_VISA,ORG:OS/ASPR"
cerberussnow-86,"ORG:OS/ASPR,SYS:ASPR_SOC"
cerberussnow-88,ORG:OS/ASPR
cerberussnow-9,"SYS:ASPR_ESAR_VISA,ORG:OS/ASPR"
cerberussnow-90,"SYS:ACF_Extranet,ORG:ACF"
cerberussnow-91,"ORG:ACF,SYS:ACF_Extranet"
cerberussnow-92,"ORG:OS/PSC,SYS:PSC_ASSETWEB"
cerberussnow-93,"ORG:ACF,SYS:OCIO_TDRS"
cerberussnow-94,"ORG:ACF,SYS:ACF_Extranet"
cerberussnow-95,"ORG:SAMHSA,SYS:SAMHSA_WWW"
cerberussnow-96,"SYS:OCIO_DIRECTORY,ORG:OS/OCIO"
cerberussnow-98,"ORG:OS/PSC,SYS:PSC_ASSETWEB"
cerberussnow-99,"ORG:OS/ASPR,SYS:ASPR_PARS"
cerberusspider-1,"ORG:OS/OASH,SYS:OASH_ARPRM"
cerberusspider-11,"SYS:OASH_ARPRM,ORG:OS/OASH"
cerberusspider-12,"ORG:OS/OASH,SYS:OASH_ARPRM"
cerberusspider-14,"SYS:OASH_ARPRM,ORG:OS/OASH"
cerberusspider-15,"SYS:OASH_ARPRM,ORG:OS/OASH"
cerberusspider-16,"SYS:OASH_ARPRM,ORG:OS/OASH"
cerberusspider-17,"ORG:OS/OASH,SYS:OASH_ARPRM"
cerberusspider-18,"ORG:OS/OASH,SYS:OASH_ARPRM"
cerberusspider-19,"ORG:OS/OASH,SYS:OASH_ARPRM"
cerberusspider-20,"ORG:OS/OASH,SYS:OASH_ARPRM"
cerberusspider-22,"ORG:OS/OASH,SYS:OASH_ARPRM"
cerberusspider-3,"ORG:OS/OASH,SYS:OASH_ARPRM"
cerberusspider-4,"ORG:OS/OASH,SYS:OASH_ARPRM"
cerberusspider-6,"SYS:OASH_ARPRM,ORG:OS/OASH"
cerberusstonefly-1,"ORG:OS/ASPE,SYS:ASPE_WEB"
cerberusstonefly-2,"SYS:ASPE_WEB,ORG:OS/ASPE"
cerberusstonefly-3,"SYS:ASPE_WEB,ORG:OS/ASPE"
cerberusstonefly-4,"SYS:ASPE_WEB,ORG:OS/ASPE"
cerberusstonefly-5,"SYS:ASPE_WEB,ORG:OS/ASPE"
cerberusstonefly-6,"SYS:ASPE_WEB,ORG:OS/ASPE"
cerberusstonefly-7,"SYS:ASPE_WEB,ORG:OS/ASPE"
cerberusstonefly-8,"ORG:OS/ASPE,SYS:ASPE_WEB"
cerberusstonefly-9,"ORG:OS/ASPE,SYS:ASPE_WEB"
cerberustarantula-10,"ORG:HRSA,SYS:HRSA_EHB"
cerberustarantula-11,"SYS:HRSA_EHB,ORG:HRSA"
cerberustarantula-12,"SYS:HRSA_EHB,ORG:HRSA"
cerberustarantula-3,"ORG:HRSA,SYS:HRSA_EHB"
cerberustarantula-4,"SYS:HRSA_EHB,ORG:HRSA"
cerberustarantula-5,"ORG:HRSA,SYS:HRSA_EHB"
cerberustarantula-6,"SYS:HRSA_EHB,ORG:HRSA"
cerberustarantula-7,"SYS:HRSA_EHB,ORG:HRSA"
cerberustarantula-8,"ORG:HRSA,SYS:HRSA_EHB"
cerberustarantula-9,"ORG:HRSA,SYS:HRSA_EHB"
cerberustardigrade-001-1,ORG:NIH/NIAID
cerberustardigrade-001-10,ORG:NIH/NIAID
cerberustardigrade-001-12,ORG:NIH/NIAID
cerberustardigrade-001-13,ORG:NIH/NIAID
cerberustardigrade-001-14,ORG:NIH/NIAID
cerberustardigrade-001-15,ORG:NIH/NIAID
cerberustardigrade-001-16,ORG:NIH/NIAID
cerberustardigrade-001-17,ORG:NIH/NIAID
cerberustardigrade-001-18,ORG:NIH/NIAID
cerberustardigrade-001-2,ORG:NIH/NIAID
cerberustardigrade-001-20,ORG:NIH/NIAID
cerberustardigrade-001-21,ORG:NIH/NIAID
cerberustardigrade-001-23,ORG:NIH/NIAID
cerberustardigrade-001-24,ORG:NIH/NIAID
cerberustardigrade-001-25,ORG:NIH/NIAID
cerberustardigrade-001-26,ORG:NIH/NIAID
cerberustardigrade-001-27,ORG:NIH/NIAID
cerberustardigrade-001-29,ORG:NIH/NIAID
cerberustardigrade-001-3,ORG:NIH/NIAID
cerberustardigrade-001-30,ORG:NIH/NIAID
cerberustardigrade-001-31,ORG:NIH/NIAID
cerberustardigrade-001-32,ORG:NIH/NIAID
cerberustardigrade-001-33,ORG:NIH/NIAID
cerberustardigrade-001-34,ORG:NIH/NIAID
cerberustardigrade-001-35,ORG:NIH/NIAID
cerberustardigrade-001-4,ORG:NIH/NIAID
cerberustardigrade-001-41,ORG:NIH/NIAID
cerberustardigrade-001-42,ORG:NIH/NIAID
cerberustardigrade-001-43,ORG:NIH/NIAID
cerberustardigrade-001-44,ORG:NIH/NIAID
cerberustardigrade-001-46,ORG:NIH/NIAID
cerberustardigrade-001-47,ORG:NIH/NIAID
cerberustardigrade-001-50,ORG:NIH/NIAID
cerberustardigrade-001-52,ORG:NIH/NIAID
cerberustardigrade-001-53,ORG:NIH/NIAID
cerberustardigrade-001-54,ORG:NIH/NIAID
cerberustardigrade-001-55,ORG:NIH/NIAID
cerberustardigrade-001-56,ORG:NIH/NIAID
cerberustardigrade-001-57,ORG:NIH/NIAID
cerberustardigrade-001-58,ORG:NIH/NIAID
cerberustardigrade-001-59,ORG:NIH/NIAID
cerberustardigrade-001-7,ORG:NIH/NIAID
cerberustardigrade-001-9,ORG:NIH/NIAID
cerberustardigrade-1,ORG:NIH/NIAID
cerberustardigrade-2,ORG:NIH/NIAID
cerberustardigrade-3,ORG:NIH/NIAID
cerberustardigrade-4,ORG:NIH/NIAID
cerberustardigrade-6,ORG:NIH/NIAID
cerberustardigrade-7,ORG:NIH/NIAID
cerberustardigrade-8,ORG:NIH/NIAID
cerberustaris-1,"ORG:AHRQ,SYS:AHRQ_PSO"
cerberustaris-2,"ORG:AHRQ,SYS:AHRQ_PSO"
cerberustaris-3,"SYS:AHRQ_PSO,ORG:AHRQ"
cerberustaris-4,"SYS:AHRQ_PSO,ORG:AHRQ"
cerberustermite-10,"ORG:HRSA,SYS:HRSA_NPDB"
cerberustermite-11,"SYS:HRSA_NPDB,ORG:HRSA"
cerberustermite-12,"ORG:HRSA,SYS:HRSA_NPDB"
cerberustermite-13,"ORG:HRSA,SYS:HRSA_NPDB"
cerberustermite-14,"SYS:HRSA_NPDB,ORG:HRSA"
cerberustermite-16,"ORG:HRSA,SYS:HRSA_NPDB"
cerberustermite-17,"SYS:HRSA_NPDB,ORG:HRSA"
cerberustermite-5,"SYS:HRSA_NPDB,ORG:HRSA"
cerberustermite-6,"SYS:HRSA_NPDB,ORG:HRSA"
cerberustermite-9,"SYS:HRSA_NPDB,ORG:HRSA"
cerberustetra-1,"SYS:NIH/CIT_SITEMINDER,ORG:NIH/NHGRI"
cerberustetra-10,"nguyenan,ORG:NIH/NHGRI"
cerberustetra-11,"ORG:NIH/NHGRI,nguyenan"
cerberustetra-12,"ORG:NIH/NHGRI,nguyenan"
cerberustetra-13,"ORG:NIH/NHGRI,nguyenan"
cerberustetra-14,"ORG:NIH/NHGRI,nguyenan"
cerberustetra-15,"nguyenan,ORG:NIH/NHGRI"
cerberustetra-16,"nguyenan,ORG:NIH/NHGRI"
cerberustetra-17,"nguyenan,ORG:NIH/NHGRI"
cerberustetra-18,"davidk,ORG:NIH/NHGRI"
cerberustetra-19,"ORG:NIH/NHGRI,nguyenan"
cerberustetra-2,"ORG:NIH/NHGRI,SYS:NIH/CIT_SITEMINDER"
cerberustetra-20,"ORG:NIH/NHGRI,lichtenbergj"
cerberustetra-21,ORG:NIH/NHGRI
cerberustetra-22,"ORG:NIH/NHGRI,SYS:NIH/CIT_SITEMINDER"
cerberustetra-23,"ORG:NIH/NHGRI,nguyenan"
cerberustetra-24,"ORG:NIH/NHGRI,nguyenan"
cerberustetra-25,"davidk,ORG:NIH/NHGRI,nguyenan"
cerberustetra-26,"ORG:NIH/NHGRI,nguyenan"
cerberustetra-27,"ORG:NIH/NHGRI,nguyenan"
cerberustetra-28,"nguyenan,ORG:NIH/NHGRI"
cerberustetra-29,"nguyenan,ORG:NIH/NHGRI"
cerberustetra-30,"nguyenan,ORG:NIH/NHGRI"
cerberustetra-31,"nguyenan,ORG:NIH/NHGRI"
cerberustetra-32,"nguyenan,ORG:NIH/NHGRI"
cerberustetra-33,"ORG:NIH/NHGRI,davidk"
cerberustetra-34,"ORG:NIH/NHGRI,davidk"
cerberustetra-4,"ORG:NIH/NHGRI,lichtenbergj"
cerberustetra-5,"ORG:NIH/NHGRI,cathy"
cerberustetra-6,"ORG:NIH/NHGRI,lichtenbergj"
cerberustetra-7,"fredriksenm,ORG:NIH/NHGRI"
cerberustetra-8,"ORG:NIH/NHGRI,nguyenan"
cerberustetra-9,"nguyenan,ORG:NIH/NHGRI"
cerberusthrip-001-10,ORG:NIH/NLM
cerberusthrip-001-11,ORG:NIH/NLM
cerberusthrip-001-12,ORG:NIH/NLM
cerberusthrip-001-13,ORG:NIH/NLM
cerberusthrip-001-14,ORG:NIH/NLM
cerberusthrip-001-15,ORG:NIH/NLM
cerberusthrip-001-16,ORG:NIH/NLM
cerberusthrip-001-17,ORG:NIH/NLM
cerberusthrip-001-18,ORG:NIH/NLM
cerberusthrip-001-19,ORG:NIH/NLM
cerberusthrip-001-2,ORG:NIH/NLM
cerberusthrip-001-21,ORG:NIH/NLM
cerberusthrip-001-22,ORG:NIH/NLM
cerberusthrip-001-23,ORG:NIH/NLM
cerberusthrip-001-24,ORG:NIH/NLM
cerberusthrip-001-25,ORG:NIH/NLM
cerberusthrip-001-26,ORG:NIH/NLM
cerberusthrip-001-27,ORG:NIH/NLM
cerberusthrip-001-28,ORG:NIH/NLM
cerberusthrip-001-29,ORG:NIH/NLM
cerberusthrip-001-3,ORG:NIH/NLM
cerberusthrip-001-30,ORG:NIH/NLM
cerberusthrip-001-31,ORG:NIH/NLM
cerberusthrip-001-32,ORG:NIH/NLM
cerberusthrip-001-33,ORG:NIH/NLM
cerberusthrip-001-34,ORG:NIH/NLM
cerberusthrip-001-35,ORG:NIH/NLM
cerberusthrip-001-36,ORG:NIH/NLM
cerberusthrip-001-37,ORG:NIH/NLM
cerberusthrip-001-38,ORG:NIH/NLM
cerberusthrip-001-39,ORG:NIH/NLM
cerberusthrip-001-4,ORG:NIH/NLM
cerberusthrip-001-40,ORG:NIH/NLM
cerberusthrip-001-42,ORG:NIH/NLM
cerberusthrip-001-43,ORG:NIH/NLM
cerberusthrip-001-44,ORG:NIH/NLM
cerberusthrip-001-46,ORG:NIH/NLM
cerberusthrip-001-47,ORG:NIH/NLM
cerberusthrip-001-48,ORG:NIH/NLM
cerberusthrip-001-49,ORG:NIH/NLM
cerberusthrip-001-5,ORG:NIH/NLM
cerberusthrip-001-50,ORG:NIH/NLM
cerberusthrip-001-51,ORG:NIH/NLM
cerberusthrip-001-52,ORG:NIH/NLM
cerberusthrip-001-53,ORG:NIH/NLM
cerberusthrip-001-55,ORG:NIH/NLM
cerberusthrip-001-56,ORG:NIH/NLM
cerberusthrip-001-57,ORG:NIH/NLM
cerberusthrip-001-58,ORG:NIH/NLM
cerberusthrip-001-6,ORG:NIH/NLM
cerberusthrip-001-60,ORG:NIH/NLM
cerberusthrip-001-61,ORG:NIH/NLM
cerberusthrip-001-65,ORG:NIH/NLM
cerberusthrip-001-66,ORG:NIH/NLM
cerberusthrip-001-7,ORG:NIH/NLM
cerberusthrip-001-8,ORG:NIH/NLM
cerberusthrip-001-9,ORG:NIH/NLM
cerberusthrip-002-1,ORG:NIH/NLM
cerberusthrip-002-2,ORG:NIH/NLM
cerberusthrip-002-3,ORG:NIH/NLM
cerberusthrip-002-4,ORG:NIH/NLM
cerberusthrip-003-1,ORG:NIH/OCCS
cerberusthrip-003-10,ORG:NIH/OCCS
cerberusthrip-003-11,ORG:NIH/OCCS
cerberusthrip-003-12,ORG:NIH/OCCS
cerberusthrip-003-13,ORG:NIH/OCCS
cerberusthrip-003-16,ORG:NIH/OCCS
cerberusthrip-003-17,ORG:NIH/OCCS
cerberusthrip-003-18,ORG:NIH/OCCS
cerberusthrip-003-2,ORG:NIH/OCCS
cerberusthrip-003-20,ORG:NIH/OCCS
cerberusthrip-003-22,ORG:NIH/OCCS
cerberusthrip-003-26,ORG:NIH/OCCS
cerberusthrip-003-27,ORG:NIH/OCCS
cerberusthrip-003-28,ORG:NIH/OCCS
cerberusthrip-003-29,ORG:NIH/OCCS
cerberusthrip-003-3,ORG:NIH/OCCS
cerberusthrip-003-5,ORG:NIH/OCCS
cerberusthrip-003-6,ORG:NIH/OCCS
cerberusthrip-003-7,ORG:NIH/OCCS
cerberusthrip-003-9,ORG:NIH/OCCS
cerberusthrip-004-1,ORG:NIH/OCCS
cerberusthrip-004-2,ORG:NIH/OCCS
cerberusthrip-004-3,ORG:NIH/OCCS
cerberusthrip-005-1,ORG:NIH/NLM/NCBI
cerberusthrip-005-10,ORG:NIH/NLM/NCBI
cerberusthrip-005-11,ORG:NIH/NLM/NCBI
cerberusthrip-005-12,ORG:NIH/NLM/NCBI
cerberusthrip-005-13,ORG:NIH/NLM/NCBI
cerberusthrip-005-15,ORG:NIH/NLM/NCBI
cerberusthrip-005-16,ORG:NIH/NLM/NCBI
cerberusthrip-005-17,ORG:NIH/NLM/NCBI
cerberusthrip-005-18,ORG:NIH/NLM/NCBI
cerberusthrip-005-19,ORG:NIH/NLM
cerberusthrip-005-2,ORG:NIH/NLM/NCBI
cerberusthrip-005-20,ORG:NIH/NLM/NCBI
cerberusthrip-005-21,ORG:NIH/NLM/NCBI
cerberusthrip-005-22,ORG:NIH/NLM/NCBI
cerberusthrip-005-23,ORG:NIH/NLM/NCBI
cerberusthrip-005-24,ORG:NIH/NLM/NCBI
cerberusthrip-005-25,ORG:NIH/NLM/NCBI
cerberusthrip-005-26,ORG:NIH/NLM
cerberusthrip-005-28,ORG:NIH/NLM/NCBI
cerberusthrip-005-29,ORG:NIH/NLM/NCBI
cerberusthrip-005-3,ORG:NIH/NLM/NCBI
cerberusthrip-005-30,ORG:NIH/NLM/NCBI
cerberusthrip-005-31,ORG:NIH/NLM
cerberusthrip-005-32,ORG:NIH/NLM
cerberusthrip-005-34,ORG:NIH/NLM/NCBI
cerberusthrip-005-4,ORG:NIH/NLM/NCBI
cerberusthrip-005-5,ORG:NIH/NLM/NCBI
cerberusthrip-005-6,ORG:NIH/NLM
cerberusthrip-005-7,ORG:NIH/NLM/NCBI
cerberusthrip-005-8,ORG:NIH/NLM/NCBI
cerberusthrip-005-9,ORG:NIH/NLM/NCBI
cerberusthrip-006-11,ORG:NIH/NLM/LHC
cerberusthrip-006-2,ORG:NIH/NLM/LHC
cerberusthrip-006-4,ORG:NIH/NLM/LHC
cerberusthrip-006-5,ORG:NIH/NLM/LHC
cerberusthrip-1,ORG:NIH/NLM
cerberusthrip-10,ORG:NIH/NLM
cerberusthrip-11,ORG:NIH/NLM
cerberusthrip-12,ORG:NIH/NLM
cerberusthrip-13,ORG:NIH/NLM
cerberusthrip-14,ORG:NIH/NLM
cerberusthrip-15,ORG:NIH/NLM
cerberusthrip-16,ORG:NIH/NLM
cerberusthrip-17,ORG:NIH/NLM
cerberusthrip-2,ORG:NIH/NLM
cerberusthrip-3,ORG:NIH/NLM
cerberusthrip-5,ORG:NIH/NLM
cerberusthrip-7,ORG:NIH/NLM
cerberusthrip-8,ORG:NIH/NLM
cerberusthrip-9,ORG:NIH/NLM
cerberustickbug-1,ORG:NIH/NICHD
cerberustickbug-10,ORG:NIH/NICHD
cerberustickbug-12,ORG:NIH/NICHD
cerberustickbug-14,ORG:NIH/NICHD
cerberustickbug-16,ORG:NIH/NICHD
cerberustickbug-17,ORG:NIH/NICHD
cerberustickbug-18,ORG:NIH/NICHD
cerberustickbug-2,"NICHD Apps Team,ORG:NIH/NICHD"
cerberustickbug-4,ORG:NIH/NICHD
cerberustickbug-5,ORG:NIH/NICHD
cerberustickbug-6,ORG:NIH/NICHD
cerberustickbug-7,ORG:NIH/NICHD
cerberustickbug-9,ORG:NIH/NICHD
cerberustornado-1,"ORG:NIH/NCATS,SYS:NCATS_CDSH.ORG"
cerberustornado-2,"ORG:NIH/NCATS,SYS:NCATS_CDSH.ORG"
cerberustornado-3,"ORG:OS/ASPR,SYS:BARDA_DRIVE"
cerberustornado-4,"ORG:NIH/NCATS,SYS:NCATS_CDSH.ORG"
cerberusvolcano-1,"ORG:CDC,SYS:CDC_PHIN-MS"
cerberuswasp-10,"SYS:CMS_QPP,ORG:CMS"
cerberuswasp-11,"ORG:CMS,SYS:CMS_QPP"
cerberuswasp-12,"SYS:CMS_QPP,ORG:CMS"
cerberuswasp-13,"ORG:CMS,SYS:CMS_QPP"
cerberuswasp-14,"SYS:CMS_QPP,ORG:CMS"
cerberuswasp-17,"ORG:CMS,SYS:CMS_QPP"
cerberuswasp-18,"SYS:CMS_QPP,ORG:CMS"
cerberuswasp-3,"SYS:CMS_QPP,ORG:CMS"
cerberuswasp-5,"SYS:CMS_QPP,ORG:CMS"
cerberuswasp-6,"ORG:CMS,SYS:CMS_QPP"
cerberuswasp-7,"SYS:CMS_QPP,ORG:CMS"
cerberuswasp-9,"SYS:CMS_QPP,ORG:CMS"
cerberuswaspspider-12,"SYS:ACF_Extranet,ORG:ACF"
cerberuswaspspider-13,"SYS:ACF_Extranet,ORG:ACF"
cerberuswaspspider-14,"SYS:ACF_Extranet,ORG:ACF"
cerberuswaspspider-15,"SYS:OEM-AVIDS,ORG:OS/ASPR"
cerberuswaspspider-16,"SYS:ACF_Extranet,ORG:ACF"
cerberuswaspspider-17,"SYS:ACF_Extranet,ORG:ACF"
cerberuswaspspider-18,"ORG:ACF,SYS:ACF_Extranet"
cerberuswaspspider-19,"SYS:ACF_Extranet,ORG:ACF"
cerberuswaspspider-2,"SYS:STAGING.ACF,ORG:ACF"
cerberuswaspspider-20,"SYS:ACF_Extranet,ORG:ACF"
cerberuswaspspider-21,"ORG:ACF,SYS:ACF_Extranet"
cerberuswaspspider-22,"ORG:ACF,SYS:ACF_Extranet"
cerberuswaspspider-24,"ORG:ACF,SYS:ACF_Extranet"
cerberuswaspspider-25,"ORG:ACF,SYS:ACF_Extranet"
cerberuswaspspider-26,"SYS:ACF_Extranet,ORG:ACF"
cerberuswaspspider-27,"SYS:ACF_Extranet,ORG:ACF"
cerberuswaspspider-28,"SYS:ACF_Extranet,ORG:ACF"
cerberuswaspspider-3,"ORG:ACF,SYS:ACF_Extranet"
cerberuswaspspider-31,ORG:ACF
cerberuswaspspider-32,"ORG:ACF,SYS:ACF_Extranet"
cerberuswaspspider-33,ORG:OS/OCIO
cerberuswaspspider-34,"ORG:OS/DCIO,SYS:DCIO_EMailSystem"
cerberuswaspspider-4,"ORG:ACF,SYS:ACF_Extranet"
cerberuswaspspider-5,"SYS:ACF_Extranet,ORG:ACF"
cerberuswaspspider-6,"ORG:ACF,SYS:ACF_Extranet"
cerberuswaspspider-7,"SYS:ACF_Extranet,ORG:ACF"
cerberuswaspspider-8,"SYS:ACF_Extranet,ORG:ACF"
cerberuswaspspider-9,"ORG:ACF,SYS:ACF_Extranet"
cerberuswaspworm-1,"SYS:HRSA_340B,ORG:HRSA"
cerberuswaspworm-2,"SYS:HRSA_340B,ORG:HRSA"
cerberuswaspworm-4,"SYS:HRSA_340B,ORG:HRSA"
cerberuswaspworm-5,"ORG:HRSA,SYS:HRSA_340B"
cerberuswaspworm-6,"SYS:HRSA_340B,ORG:HRSA"
cerberuswaspworm-7,"SYS:HRSA_340B,ORG:HRSA"
cerberuswaspworm-8,"SYS:HRSA_340B,ORG:HRSA"
cerberuswaspworm-9,"SYS:HRSA_340B,ORG:HRSA"
cerberuswaterbug-1,ORG:NIH/NCI
cerberuswaterbug-10,ORG:NIH/NCI
cerberuswaterbug-11,ORG:NIH/NCI
cerberuswaterbug-13,ORG:NIH/NCI
cerberuswaterbug-15,ORG:NIH/NCI
cerberuswaterbug-16,ORG:NIH/NCI
cerberuswaterbug-17,ORG:NIH/NCI
cerberuswaterbug-18,ORG:NIH/NCI
cerberuswaterbug-19,ORG:NIH/NCI
cerberuswaterbug-2,ORG:NIH/NCI
cerberuswaterbug-20,ORG:NIH/NCI
cerberuswaterbug-21,ORG:NIH/NCI
cerberuswaterbug-22,ORG:NIH/NCI
cerberuswaterbug-27,ORG:NIH/NCI
cerberuswaterbug-4,ORG:NIH/NCI
cerberuswaterbug-5,ORG:NIH/NCI
cerberuswaterbug-6,ORG:NIH/NCI
cerberuswaterbug-7,ORG:NIH/NCI
cerberuswaterbug-8,ORG:NIH/NCI
cerberusweevil-1,"SYS:SAMHSA_WWW,ORG:SAMHSA"
cerberusweevil-2,"SYS:SAMHSA_WWW,ORG:SAMHSA"
cerberusweevil-3,"ORG:SAMHSA,SYS:SAMHSA_WWW"
cerberusweta-2,ORG:NIH/OCIO
cerberuswhitefly-1,"SYS:HRSA_BMISS,ORG:HRSA"
cerberuswhitefly-2,"ORG:HRSA,SYS:HRSA_BMISS"
cerberuswhitefly-3,"ORG:HRSA,SYS:HRSA_BMISS"
cerberuswhitefly-4,"ORG:HRSA,SYS:HRSA_BMISS"
cerberuswhitefly-5,"ORG:HRSA,SYS:HRSA_BMISS"
cerberuswhitefly-6,"SYS:HRSA_BMISS,ORG:HRSA"
cerberuswhitefly-8,"SYS:HRSA_BMISS,ORG:HRSA"
cerberuswhitefly-9,"SYS:HRSA_BMISS,ORG:HRSA"
cerberusworm-1,"ORG:AHRQ,SYS:AHRQ_PSNET"
cerberusworm-2,"ORG:AHRQ,SYS:AHRQ_PSNET"
cerberusworm-3,"SYS:AHRQ_PSNET,ORG:AHRQ"
cerberusworm-4,"SYS:AHRQ_PSNET,ORG:AHRQ"
cerberuswormant-2,ORG:AHRQ
cerberuswormbee-1,ORG:OS/ASPA
cerberuswormbee-2,ORG:OS/ASPA
cerberuswormbee-3,ORG:OS/ASPA
cerberuswormbee-4,ORG:OS/ASPA
cerberuswormbeetle-1,ORG:CDC
cerberuswormbeetle-2,ORG:CDC
cerberuswormbug-10,"SYS:AHRQ_SRDR,ORG:AHRQ"
cerberuswormbug-12,"SYS:SRDR+,ORG:AHRQ,SYS:AHRQ_SRDR"
cerberuswormbug-13,"SYS:AHRQ_SRDR,ORG:AHRQ"
cerberuswormbug-14,"SYS:SRDR+,SYS:AHRQ_SRDR,ORG:AHRQ"
cerberuswormbug-16,"SYS:AHRQ_SRDR,ORG:AHRQ"
cerberuswormbug-17,"ORG:AHRQ,SYS:AHRQ_SRDR"
cerberuswormbug-18,"ORG:AHRQ,SYS:AHRQ_SRDR"
cerberuswormbug-19,"SYS:AHRQ_SRDR,ORG:AHRQ"
cerberuswormbug-2,"SYS:AHRQ_SRDR,ORG:AHRQ"
cerberuswormbug-20,"SYS:AHRQ_SRDR,ORG:AHRQ"
cerberuswormbug-21,"SYS:AHRQ_SRDR,ORG:AHRQ"
cerberuswormbug-23,"ORG:AHRQ,SYS:AHRQ_SRDR,SYS:SRDR+"
cerberuswormbug-24,"SYS:SRDR+,SYS:AHRQ_SRDR,ORG:AHRQ"
cerberuswormbug-25,"SYS:SRDR+,ORG:AHRQ,SYS:AHRQ_SRDR"
cerberuswormbug-26,"SYS:SRDR+,SYS:AHRQ_SRDR,ORG:AHRQ"
cerberuswormbug-27,"SYS:SRDR+,SYS:AHRQ_SRDR,ORG:AHRQ"
cerberuswormbug-28,"SYS:SRDR+,ORG:AHRQ,SYS:AHRQ_SRDR"
cerberuswormbug-29,"ORG:AHRQ,SYS:SRDR+,SYS:AHRQ_SRDR"
cerberuswormbug-3,"ORG:AHRQ,SYS:AHRQ_SRDR"
cerberuswormbug-30,"ORG:AHRQ,SYS:AHRQ_SRDR,SYS:SRDR+"
cerberuswormbug-31,"ORG:AHRQ,SYS:AHRQ_SRDR"
cerberuswormbug-32,"ORG:AHRQ,SYS:AHRQ_SRDR,SYS:SRDR+"
cerberuswormbug-33,"SYS:AHRQ_SRDR,ORG:AHRQ"
cerberuswormbug-34,"ORG:AHRQ,SYS:AHRQ_SRDR"
cerberuswormbug-35,"SYS:AHRQ_SRDR,ORG:AHRQ"
cerberuswormbug-5,"ORG:AHRQ,SYS:AHRQ_SRDR"
cerberuswormbug-6,"SYS:AHRQ_SRDR,ORG:AHRQ"
cerberuswormbug-7,"SYS:AHRQ_SRDR,ORG:AHRQ"
cerberuswormbug-8,"SYS:AHRQ_SRDR,ORG:AHRQ"
cerberuswormbug-9,"ORG:AHRQ,SYS:AHRQ_SRDR"
cerberuswormfly-2,ORG:CDC
cerberuswormfly-3,ORG:CDC
cerberuswormfly-4,"ORG:CDC,SYS:VAMS"
cerberuswormmoth-11,ORG:AHRQ
cerberuswormmoth-2,ORG:AHRQ
cerberuswormmoth-4,ORG:AHRQ
cerberuswormmoth-7,ORG:AHRQ
cerberuswormmoth-8,ORG:AHRQ
cerberuswormmoth-9,ORG:AHRQ
cerberuswormscorpion-1,"SYS:HRSA_WEB,ORG:OS/ASPA"
cerberuswormspider-2,"ORG:NIH/NCATS,SYS:NCATS_UNITE"
cerberuswormspider-3,"ORG:NIH/NCATS,SYS:NCATS_UNITE"
cerberuswormspider-4,"SYS:NCATS_UNITE,ORG:NIH/NCATS"
cerberuswormspider-5,"SYS:NCATS_UNITE,ORG:NIH/NCATS"
cerberuswormtick-1,"SYS:AHRQ_PSNET,ORG:AHRQ"
cerberuswormtick-10,"SYS:AHRQ_PSNET,ORG:AHRQ"
cerberuswormtick-11,"SYS:AHRQ_PSNET,ORG:AHRQ"
cerberuswormtick-12,ORG:OS/ASPA
cerberuswormtick-2,"ORG:AHRQ,SYS:AHRQ_PSNET"
cerberuswormtick-3,"SYS:AHRQ_PSNET,ORG:AHRQ"
cerberuswormtick-4,"SYS:AHRQ_PSNET,ORG:AHRQ"
cerberuswormtick-5,"SYS:AHRQ_PSNET,ORG:AHRQ"
cerberuswormtick-6,"ORG:AHRQ,SYS:AHRQ_PSNET"
cerberuswormtick-7,"SYS:AHRQ_PSNET,ORG:AHRQ"
cerberuswormtick-9,"SYS:AHRQ_PSNET,ORG:AHRQ"
